"Abrangência";"Cor/Raça";"Ocupação";"Quantitativo";"Porcentagem (%)";
"Brasil";"Amarela";"Administrador";"8";"4,73"
"Brasil";"Amarela";"Advogado";"7";"4,14"
"Brasil";"Amarela";"Agente de Serviços Funerários e Embalsamador";"1";"0,59"
"Brasil";"Amarela";"Agricultor";"1";"0,59"
"Brasil";"Amarela";"Agrônomo";"1";"0,59"
"Brasil";"Amarela";"Aposentado (Exceto Servidor Público)";"5";"2,96"
"Brasil";"Amarela";"Assistente Social";"2";"1,18"
"Brasil";"Amarela";"Bancário e Economiário";"2";"1,18"
"Brasil";"Amarela";"Bombeiro Militar";"1";"0,59"
"Brasil";"Amarela";"Cabeleireiro e Barbeiro";"2";"1,18"
"Brasil";"Amarela";"Cobrador de Transporte Coletivo";"1";"0,59"
"Brasil";"Amarela";"Comerciante";"12";"7,10"
"Brasil";"Amarela";"Contador";"2";"1,18"
"Brasil";"Amarela";"Corretor de Imóveis, Seguros, Títulos e Valores";"2";"1,18"
"Brasil";"Amarela";"Deputado";"3";"1,78"
"Brasil";"Amarela";"Dona de Casa";"2";"1,18"
"Brasil";"Amarela";"Empresário";"15";"8,88"
"Brasil";"Amarela";"Encanador, Soldador, Chapeador e Caldeireiro";"1";"0,59"
"Brasil";"Amarela";"Enfermeiro";"1";"0,59"
"Brasil";"Amarela";"Engenheiro";"2";"1,18"
"Brasil";"Amarela";"Escritor e Crítico";"1";"0,59"
"Brasil";"Amarela";"Estudante, Bolsista, Estagiário e Assemelhados";"3";"1,78"
"Brasil";"Amarela";"Farmacêutico";"1";"0,59"
"Brasil";"Amarela";"Feirante, Ambulante e Mascate";"1";"0,59"
"Brasil";"Amarela";"Fiscal";"2";"1,18"
"Brasil";"Amarela";"Fisioterapeuta e Terapeuta Ocupacional";"3";"1,78"
"Brasil";"Amarela";"Jornalista e Redator";"5";"2,96"
"Brasil";"Amarela";"Mecânico de Manutenção";"2";"1,18"
"Brasil";"Amarela";"Médico";"4";"2,37"
"Brasil";"Amarela";"Militar Reformado";"1";"0,59"
"Brasil";"Amarela";"Motorista Particular";"1";"0,59"
"Brasil";"Amarela";"Outros";"41";"24,26"
"Brasil";"Amarela";"Pedagogo";"2";"1,18"
"Brasil";"Amarela";"Policial Civil";"1";"0,59"
"Brasil";"Amarela";"Policial Militar";"2";"1,18"
"Brasil";"Amarela";"Porteiro de Edifício, Ascensorista, Garagista e Zelador";"1";"0,59"
"Brasil";"Amarela";"Professor de Ensino Fundamental";"3";"1,78"
"Brasil";"Amarela";"Professor de Ensino Médio";"2";"1,18"
"Brasil";"Amarela";"Professor de Ensino Superior";"2";"1,18"
"Brasil";"Amarela";"Programador de Computador";"1";"0,59"
"Brasil";"Amarela";"Psicólogo";"1";"0,59"
"Brasil";"Amarela";"Recepcionista";"1";"0,59"
"Brasil";"Amarela";"Representante Comercial";"1";"0,59"
"Brasil";"Amarela";"Servidor Público Estadual";"1";"0,59"
"Brasil";"Amarela";"Servidor Público Federal";"3";"1,78"
"Brasil";"Amarela";"Servidor Público Municipal";"5";"2,96"
"Brasil";"Amarela";"Supervisor, Inspetor e Agente de Compras e Vendas";"1";"0,59"
"Brasil";"Amarela";"Telefonista";"1";"0,59"
"Brasil";"Amarela";"Vendedor de Comércio Varejista e Atacadista";"1";"0,59"
"Brasil";"Amarela";"Vendedor Pracista, Representante, Caixeiro-Viajante e Assemelhados";"2";"1,18"
"Brasil";"Amarela";"Vereador";"2";"1,18"
"Brasil";"Branca";"Administrador";"397";"2,64"
"Brasil";"Branca";"Advogado";"1251";"8,31"
"Brasil";"Branca";"Agenciador de Propaganda";"2";"0,01"
"Brasil";"Branca";"Agente Administrativo";"57";"0,38"
"Brasil";"Branca";"Agente de Saúde e Sanitarista";"25";"0,17"
"Brasil";"Branca";"Agente de Serviços Funerários e Embalsamador";"1";"0,01"
"Brasil";"Branca";"Agente de Viagem";"1";"0,01"
"Brasil";"Branca";"Agente Postal";"4";"0,03"
"Brasil";"Branca";"Agricultor";"110";"0,73"
"Brasil";"Branca";"Agrônomo";"24";"0,16"
"Brasil";"Branca";"Alfaiate e Costureiro";"1";"0,01"
"Brasil";"Branca";"Almoxarife";"1";"0,01"
"Brasil";"Branca";"Analista de Sistemas";"32";"0,21"
"Brasil";"Branca";"Antropólogo";"2";"0,01"
"Brasil";"Branca";"Aposentado (Exceto Servidor Público)";"430";"2,86"
"Brasil";"Branca";"Arquiteto";"46";"0,31"
"Brasil";"Branca";"Arquivista e Museólogo";"1";"0,01"
"Brasil";"Branca";"Artesão";"18";"0,12"
"Brasil";"Branca";"Artista de Circo";"2";"0,01"
"Brasil";"Branca";"Artista Plástico e Assemelhados";"9";"0,06"
"Brasil";"Branca";"Assistente Social";"89";"0,59"
"Brasil";"Branca";"Astrólogo";"1";"0,01"
"Brasil";"Branca";"Astrônomo";"4";"0,03"
"Brasil";"Branca";"Atendente de Lanchonete e Restaurante";"7";"0,05"
"Brasil";"Branca";"Atleta Profissional e Técnico em Desportos";"10";"0,07"
"Brasil";"Branca";"Ator e Diretor de Espetáculos Públicos";"25";"0,17"
"Brasil";"Branca";"Auxiliar de Escritório e Assemelhados";"83";"0,55"
"Brasil";"Branca";"Auxiliar de Laboratório";"1";"0,01"
"Brasil";"Branca";"Bancário e Economiário";"59";"0,39"
"Brasil";"Branca";"Bibliotecário";"4";"0,03"
"Brasil";"Branca";"Biólogo";"15";"0,10"
"Brasil";"Branca";"Biomédico";"12";"0,08"
"Brasil";"Branca";"Bombeiro Civil";"7";"0,05"
"Brasil";"Branca";"Bombeiro Militar";"35";"0,23"
"Brasil";"Branca";"Cabeleireiro e Barbeiro";"73";"0,49"
"Brasil";"Branca";"Cantor e Compositor";"32";"0,21"
"Brasil";"Branca";"Capitalista de Ativos Financeiros";"2";"0,01"
"Brasil";"Branca";"Carpinteiro, Marceneiro e Assemelhados";"5";"0,03"
"Brasil";"Branca";"Catador de Recicláveis";"2";"0,01"
"Brasil";"Branca";"Chaveiro";"3";"0,02"
"Brasil";"Branca";"Cientista Político";"12";"0,08"
"Brasil";"Branca";"Cobrador de Transporte Coletivo";"5";"0,03"
"Brasil";"Branca";"Comerciante";"509";"3,38"
"Brasil";"Branca";"Comerciário";"35";"0,23"
"Brasil";"Branca";"Comissário de Bordo";"2";"0,01"
"Brasil";"Branca";"Comunicólogo";"9";"0,06"
"Brasil";"Branca";"Contador";"104";"0,69"
"Brasil";"Branca";"Coreógrafo e Bailarino";"2";"0,01"
"Brasil";"Branca";"Corretor de Imóveis, Seguros, Títulos e Valores";"138";"0,92"
"Brasil";"Branca";"Cozinheiro";"16";"0,11"
"Brasil";"Branca";"Decorador";"3";"0,02"
"Brasil";"Branca";"Deputado";"809";"5,38"
"Brasil";"Branca";"Desenhista";"5";"0,03"
"Brasil";"Branca";"Despachante";"14";"0,09"
"Brasil";"Branca";"Detetive Particular";"4";"0,03"
"Brasil";"Branca";"Digitador";"2";"0,01"
"Brasil";"Branca";"Diretor de Empresas";"16";"0,11"
"Brasil";"Branca";"Diretor de Estabelecimento de Ensino";"11";"0,07"
"Brasil";"Branca";"Dona de Casa";"209";"1,39"
"Brasil";"Branca";"Economista";"79";"0,52"
"Brasil";"Branca";"Economista Doméstico";"1";"0,01"
"Brasil";"Branca";"Eletricista e Assemelhados";"26";"0,17"
"Brasil";"Branca";"Empregado Doméstico";"6";"0,04"
"Brasil";"Branca";"Empresário";"1778";"11,81"
"Brasil";"Branca";"Encanador, Soldador, Chapeador e Caldeireiro";"2";"0,01"
"Brasil";"Branca";"Enfermeiro";"98";"0,65"
"Brasil";"Branca";"Engenheiro";"269";"1,79"
"Brasil";"Branca";"Escritor e Crítico";"18";"0,12"
"Brasil";"Branca";"Escultor e Pintor";"2";"0,01"
"Brasil";"Branca";"Estatístico";"1";"0,01"
"Brasil";"Branca";"Esteticista";"15";"0,10"
"Brasil";"Branca";"Estudante, Bolsista, Estagiário e Assemelhados";"233";"1,55"
"Brasil";"Branca";"Farmacêutico";"34";"0,23"
"Brasil";"Branca";"Faxineiro";"4";"0,03"
"Brasil";"Branca";"Feirante, Ambulante e Mascate";"8";"0,05"
"Brasil";"Branca";"Ferroviário";"2";"0,01"
"Brasil";"Branca";"Fiscal";"14";"0,09"
"Brasil";"Branca";"Fisioterapeuta e Terapeuta Ocupacional";"35";"0,23"
"Brasil";"Branca";"Fonoaudiólogo";"5";"0,03"
"Brasil";"Branca";"Fotógrafo e Assemelhados";"18";"0,12"
"Brasil";"Branca";"Frentista";"4";"0,03"
"Brasil";"Branca";"Funileiro";"1";"0,01"
"Brasil";"Branca";"Garçom";"8";"0,05"
"Brasil";"Branca";"Gari ou Lixeiro";"4";"0,03"
"Brasil";"Branca";"Garimpeiro";"1";"0,01"
"Brasil";"Branca";"Geógrafo";"3";"0,02"
"Brasil";"Branca";"Geólogo";"3";"0,02"
"Brasil";"Branca";"Gerente";"73";"0,49"
"Brasil";"Branca";"Governador";"12";"0,08"
"Brasil";"Branca";"Guia de Turismo";"5";"0,03"
"Brasil";"Branca";"Historiador";"11";"0,07"
"Brasil";"Branca";"Industrial";"6";"0,04"
"Brasil";"Branca";"Jardineiro";"3";"0,02"
"Brasil";"Branca";"Jornaleiro";"2";"0,01"
"Brasil";"Branca";"Jornalista e Redator";"222";"1,48"
"Brasil";"Branca";"Leiturista";"1";"0,01"
"Brasil";"Branca";"Locutor e Comentarista de Rádio e Televisão e Radialista";"54";"0,36"
"Brasil";"Branca";"Magistrado";"4";"0,03"
"Brasil";"Branca";"Manicure e Maquilador";"1";"0,01"
"Brasil";"Branca";"Marinheiro Civil, Canoeiro, Embarcado e Assemelhados";"3";"0,02"
"Brasil";"Branca";"Massagista";"4";"0,03"
"Brasil";"Branca";"Matemático e Atuário";"2";"0,01"
"Brasil";"Branca";"Mecânico de Manutenção";"15";"0,10"
"Brasil";"Branca";"Médico";"516";"3,43"
"Brasil";"Branca";"Membro das Forças Armadas";"46";"0,31"
"Brasil";"Branca";"Membro do Ministério Público";"4";"0,03"
"Brasil";"Branca";"Militar Reformado";"99";"0,66"
"Brasil";"Branca";"Modelo";"6";"0,04"
"Brasil";"Branca";"Montador de Estrutura Metálica";"1";"0,01"
"Brasil";"Branca";"Montador de Máquinas";"2";"0,01"
"Brasil";"Branca";"Motoboy";"8";"0,05"
"Brasil";"Branca";"Motorista de Veículos de Transporte Coletivo de Passageiros";"52";"0,35"
"Brasil";"Branca";"Motorista de Veículos de Transporte de Carga";"26";"0,17"
"Brasil";"Branca";"Motorista Particular";"60";"0,40"
"Brasil";"Branca";"Músico";"32";"0,21"
"Brasil";"Branca";"Nutricionista e Assemelhados";"21";"0,14"
"Brasil";"Branca";"Oceanógrafo";"1";"0,01"
"Brasil";"Branca";"Ocupante de Cargo em Comissão";"3";"0,02"
"Brasil";"Branca";"Odontólogo";"73";"0,49"
"Brasil";"Branca";"Operador de Aparelhos de Produção Industrial";"7";"0,05"
"Brasil";"Branca";"Operador de Computador";"2";"0,01"
"Brasil";"Branca";"Operador de Equipamento de Rádio, Televisão, Som e Cinema";"3";"0,02"
"Brasil";"Branca";"Operador de Implemento de Agricultura, Pecuária e Exploração Florestal";"3";"0,02"
"Brasil";"Branca";"Operador de Instalação de Produção de Energia Elétrica e Nuclear";"1";"0,01"
"Brasil";"Branca";"Outros";"2404";"15,97"
"Brasil";"Branca";"Padeiro, Confeiteiro e Assemelhados";"7";"0,05"
"Brasil";"Branca";"Paramédico";"1";"0,01"
"Brasil";"Branca";"Pecuarista";"43";"0,29"
"Brasil";"Branca";"Pedagogo";"71";"0,47"
"Brasil";"Branca";"Pescador";"7";"0,05"
"Brasil";"Branca";"Petroleiro";"2";"0,01"
"Brasil";"Branca";"Piloto de Aviação Comercial, Navegador, Mecânico de Vôo e Assemelhados";"5";"0,03"
"Brasil";"Branca";"Policial Civil";"106";"0,70"
"Brasil";"Branca";"Policial Militar";"238";"1,58"
"Brasil";"Branca";"Porteiro de Edifício, Ascensorista, Garagista e Zelador";"11";"0,07"
"Brasil";"Branca";"Prefeito";"7";"0,05"
"Brasil";"Branca";"Produtor Agropecuário";"47";"0,31"
"Brasil";"Branca";"Produtor de Espetáculos Públicos";"11";"0,07"
"Brasil";"Branca";"Professor de Ensino Fundamental";"210";"1,40"
"Brasil";"Branca";"Professor de Ensino Médio";"391";"2,60"
"Brasil";"Branca";"Professor de Ensino Superior";"255";"1,69"
"Brasil";"Branca";"Professor e Instrutor de Formação Profissional";"55";"0,37"
"Brasil";"Branca";"Programador de Computador";"2";"0,01"
"Brasil";"Branca";"Protético";"1";"0,01"
"Brasil";"Branca";"Psicólogo";"67";"0,45"
"Brasil";"Branca";"Publicitário";"64";"0,43"
"Brasil";"Branca";"Químico";"8";"0,05"
"Brasil";"Branca";"Recepcionista";"11";"0,07"
"Brasil";"Branca";"Relações-Públicas";"9";"0,06"
"Brasil";"Branca";"Representante Comercial";"74";"0,49"
"Brasil";"Branca";"Sacerdote ou Membro de Ordem ou Seita Religiosa";"46";"0,31"
"Brasil";"Branca";"Secretário e Datilógrafo";"50";"0,33"
"Brasil";"Branca";"Securitário";"1";"0,01"
"Brasil";"Branca";"Senador";"37";"0,25"
"Brasil";"Branca";"Serralheiro";"3";"0,02"
"Brasil";"Branca";"Serventuário de Justiça";"6";"0,04"
"Brasil";"Branca";"Servidor Público Civil Aposentado";"98";"0,65"
"Brasil";"Branca";"Servidor Público Estadual";"320";"2,13"
"Brasil";"Branca";"Servidor Público Federal";"242";"1,61"
"Brasil";"Branca";"Servidor Público Municipal";"187";"1,24"
"Brasil";"Branca";"Sociólogo";"29";"0,19"
"Brasil";"Branca";"Supervisor, Inspetor e Agente de Compras e Vendas";"12";"0,08"
"Brasil";"Branca";"Tabelião";"4";"0,03"
"Brasil";"Branca";"Taxista";"35";"0,23"
"Brasil";"Branca";"Técnico Contabilidade, Estatística, Economia Doméstica e Administração";"22";"0,15"
"Brasil";"Branca";"Técnico de Biologia";"2";"0,01"
"Brasil";"Branca";"Técnico de Eletricidade, Eletrônica e Telecomunicações";"12";"0,08"
"Brasil";"Branca";"Técnico de Enfermagem e Assemelhados (Exceto Enfermeiro)";"46";"0,31"
"Brasil";"Branca";"Técnico de Laboratório e Raios X";"10";"0,07"
"Brasil";"Branca";"Técnico de Mecânica";"5";"0,03"
"Brasil";"Branca";"Técnico de Obras Civis, Estradas, Saneamento e Assemelhados";"7";"0,05"
"Brasil";"Branca";"Técnico de Química";"3";"0,02"
"Brasil";"Branca";"Técnico em Agronomia e Agrimensura";"6";"0,04"
"Brasil";"Branca";"Técnico em Edificações";"4";"0,03"
"Brasil";"Branca";"Técnico em Informática";"7";"0,05"
"Brasil";"Branca";"Telefonista";"7";"0,05"
"Brasil";"Branca";"Terapeuta";"10";"0,07"
"Brasil";"Branca";"Torneiro Mecânico";"2";"0,01"
"Brasil";"Branca";"Trabalhador de Artes Gráficas";"1";"0,01"
"Brasil";"Branca";"Trabalhador de Construção Civil";"15";"0,10"
"Brasil";"Branca";"Trabalhador de Hotelaria";"2";"0,01"
"Brasil";"Branca";"Trabalhador Dos Serviços de Contabilidade, de Caixa e Assemelhados";"2";"0,01"
"Brasil";"Branca";"Trabalhador Florestal";"2";"0,01"
"Brasil";"Branca";"Trabalhador Metalúrgico e Siderúrgico";"10";"0,07"
"Brasil";"Branca";"Trabalhador Rural";"10";"0,07"
"Brasil";"Branca";"Tradutor, Intérprete e Filólogo";"3";"0,02"
"Brasil";"Branca";"Vendedor de Comércio Varejista e Atacadista";"74";"0,49"
"Brasil";"Branca";"Vendedor Pracista, Representante, Caixeiro-Viajante e Assemelhados";"89";"0,59"
"Brasil";"Branca";"Vereador";"585";"3,89"
"Brasil";"Branca";"Veterinário";"42";"0,28"
"Brasil";"Branca";"Vigilante";"44";"0,29"
"Brasil";"Branca";"Zootecnista";"7";"0,05"
"Brasil";"Indígena";"Administrador";"5";"3,76"
"Brasil";"Indígena";"Advogado";"3";"2,26"
"Brasil";"Indígena";"Agente de Saúde e Sanitarista";"3";"2,26"
"Brasil";"Indígena";"Agricultor";"4";"3,01"
"Brasil";"Indígena";"Artesão";"5";"3,76"
"Brasil";"Indígena";"Artista Plástico e Assemelhados";"1";"0,75"
"Brasil";"Indígena";"Atleta Profissional e Técnico em Desportos";"1";"0,75"
"Brasil";"Indígena";"Ator e Diretor de Espetáculos Públicos";"1";"0,75"
"Brasil";"Indígena";"Bancário e Economiário";"2";"1,50"
"Brasil";"Indígena";"Bibliotecário";"1";"0,75"
"Brasil";"Indígena";"Comerciante";"1";"0,75"
"Brasil";"Indígena";"Contador";"1";"0,75"
"Brasil";"Indígena";"Corretor de Imóveis, Seguros, Títulos e Valores";"4";"3,01"
"Brasil";"Indígena";"Cozinheiro";"1";"0,75"
"Brasil";"Indígena";"Deputado";"1";"0,75"
"Brasil";"Indígena";"Detetive Particular";"1";"0,75"
"Brasil";"Indígena";"Dona de Casa";"1";"0,75"
"Brasil";"Indígena";"Eletricista e Assemelhados";"1";"0,75"
"Brasil";"Indígena";"Empresário";"5";"3,76"
"Brasil";"Indígena";"Enfermeiro";"1";"0,75"
"Brasil";"Indígena";"Estudante, Bolsista, Estagiário e Assemelhados";"4";"3,01"
"Brasil";"Indígena";"Fotógrafo e Assemelhados";"1";"0,75"
"Brasil";"Indígena";"Historiador";"1";"0,75"
"Brasil";"Indígena";"Locutor e Comentarista de Rádio e Televisão e Radialista";"1";"0,75"
"Brasil";"Indígena";"Membro das Forças Armadas";"1";"0,75"
"Brasil";"Indígena";"Motoboy";"1";"0,75"
"Brasil";"Indígena";"Outros";"30";"22,56"
"Brasil";"Indígena";"Pecuarista";"1";"0,75"
"Brasil";"Indígena";"Pescador";"1";"0,75"
"Brasil";"Indígena";"Porteiro de Edifício, Ascensorista, Garagista e Zelador";"1";"0,75"
"Brasil";"Indígena";"Produtor Agropecuário";"1";"0,75"
"Brasil";"Indígena";"Professor de Ensino Fundamental";"7";"5,26"
"Brasil";"Indígena";"Professor de Ensino Médio";"7";"5,26"
"Brasil";"Indígena";"Professor de Ensino Superior";"3";"2,26"
"Brasil";"Indígena";"Professor e Instrutor de Formação Profissional";"2";"1,50"
"Brasil";"Indígena";"Secretário e Datilógrafo";"1";"0,75"
"Brasil";"Indígena";"Servidor Público Estadual";"8";"6,02"
"Brasil";"Indígena";"Servidor Público Federal";"2";"1,50"
"Brasil";"Indígena";"Servidor Público Municipal";"4";"3,01"
"Brasil";"Indígena";"Sociólogo";"1";"0,75"
"Brasil";"Indígena";"Técnico de Obras Civis, Estradas, Saneamento e Assemelhados";"1";"0,75"
"Brasil";"Indígena";"Trabalhador de Construção Civil";"1";"0,75"
"Brasil";"Indígena";"Trabalhador Metalúrgico e Siderúrgico";"1";"0,75"
"Brasil";"Indígena";"Trabalhador Rural";"1";"0,75"
"Brasil";"Indígena";"Vendedor Pracista, Representante, Caixeiro-Viajante e Assemelhados";"1";"0,75"
"Brasil";"Indígena";"Vereador";"2";"1,50"
"Brasil";"Indígena";"Vigilante";"5";"3,76"
"Brasil";"Parda";"Administrador";"221";"2,17"
"Brasil";"Parda";"Advogado";"413";"4,06"
"Brasil";"Parda";"Agenciador de Propaganda";"1";"0,01"
"Brasil";"Parda";"Agente Administrativo";"52";"0,51"
"Brasil";"Parda";"Agente de Saúde e Sanitarista";"42";"0,41"
"Brasil";"Parda";"Agente de Serviços Funerários e Embalsamador";"1";"0,01"
"Brasil";"Parda";"Agente de Viagem";"3";"0,03"
"Brasil";"Parda";"Agente Postal";"5";"0,05"
"Brasil";"Parda";"Agricultor";"108";"1,06"
"Brasil";"Parda";"Agrônomo";"10";"0,10"
"Brasil";"Parda";"Alfaiate e Costureiro";"5";"0,05"
"Brasil";"Parda";"Almoxarife";"3";"0,03"
"Brasil";"Parda";"Analista de Sistemas";"13";"0,13"
"Brasil";"Parda";"Antropólogo";"2";"0,02"
"Brasil";"Parda";"Aposentado (Exceto Servidor Público)";"235";"2,31"
"Brasil";"Parda";"Arquiteto";"11";"0,11"
"Brasil";"Parda";"Arquivista e Museólogo";"1";"0,01"
"Brasil";"Parda";"Artesão";"19";"0,19"
"Brasil";"Parda";"Artista de Circo";"6";"0,06"
"Brasil";"Parda";"Artista Plástico e Assemelhados";"15";"0,15"
"Brasil";"Parda";"Assistente Social";"52";"0,51"
"Brasil";"Parda";"Astrônomo";"4";"0,04"
"Brasil";"Parda";"Atendente de Lanchonete e Restaurante";"5";"0,05"
"Brasil";"Parda";"Atleta Profissional e Técnico em Desportos";"10";"0,10"
"Brasil";"Parda";"Ator e Diretor de Espetáculos Públicos";"10";"0,10"
"Brasil";"Parda";"Auxiliar de Escritório e Assemelhados";"84";"0,83"
"Brasil";"Parda";"Auxiliar de Laboratório";"5";"0,05"
"Brasil";"Parda";"Bancário e Economiário";"33";"0,32"
"Brasil";"Parda";"Bibliotecário";"3";"0,03"
"Brasil";"Parda";"Biólogo";"9";"0,09"
"Brasil";"Parda";"Biomédico";"2";"0,02"
"Brasil";"Parda";"Bombeiro Civil";"5";"0,05"
"Brasil";"Parda";"Bombeiro e Instalador de Gás, Água, Esgoto e Assemelhados";"1";"0,01"
"Brasil";"Parda";"Bombeiro Militar";"57";"0,56"
"Brasil";"Parda";"Cabeleireiro e Barbeiro";"65";"0,64"
"Brasil";"Parda";"Cantor e Compositor";"25";"0,25"
"Brasil";"Parda";"Carpinteiro, Marceneiro e Assemelhados";"5";"0,05"
"Brasil";"Parda";"Catador de Recicláveis";"3";"0,03"
"Brasil";"Parda";"Ceramista e Oleiro";"1";"0,01"
"Brasil";"Parda";"Cobrador de Transporte Coletivo";"11";"0,11"
"Brasil";"Parda";"Comandante de Embarcações";"1";"0,01"
"Brasil";"Parda";"Comerciante";"400";"3,93"
"Brasil";"Parda";"Comerciário";"31";"0,30"
"Brasil";"Parda";"Comunicólogo";"6";"0,06"
"Brasil";"Parda";"Contador";"69";"0,68"
"Brasil";"Parda";"Coreógrafo e Bailarino";"1";"0,01"
"Brasil";"Parda";"Corretor de Imóveis, Seguros, Títulos e Valores";"95";"0,93"
"Brasil";"Parda";"Cozinheiro";"19";"0,19"
"Brasil";"Parda";"Decorador";"1";"0,01"
"Brasil";"Parda";"Deputado";"265";"2,61"
"Brasil";"Parda";"Desenhista";"4";"0,04"
"Brasil";"Parda";"Despachante";"5";"0,05"
"Brasil";"Parda";"Detetive Particular";"1";"0,01"
"Brasil";"Parda";"Digitador";"2";"0,02"
"Brasil";"Parda";"Diretor de Empresas";"7";"0,07"
"Brasil";"Parda";"Diretor de Estabelecimento de Ensino";"5";"0,05"
"Brasil";"Parda";"Dona de Casa";"187";"1,84"
"Brasil";"Parda";"Economista";"33";"0,32"
"Brasil";"Parda";"Economista Doméstico";"2";"0,02"
"Brasil";"Parda";"Eletricista e Assemelhados";"29";"0,29"
"Brasil";"Parda";"Embalador, Empacotador e Assemelhados";"1";"0,01"
"Brasil";"Parda";"Empregado Doméstico";"12";"0,12"
"Brasil";"Parda";"Empresário";"964";"9,48"
"Brasil";"Parda";"Encanador, Soldador, Chapeador e Caldeireiro";"3";"0,03"
"Brasil";"Parda";"Enfermeiro";"85";"0,84"
"Brasil";"Parda";"Engenheiro";"75";"0,74"
"Brasil";"Parda";"Escritor e Crítico";"7";"0,07"
"Brasil";"Parda";"Escultor e Pintor";"2";"0,02"
"Brasil";"Parda";"Esteticista";"12";"0,12"
"Brasil";"Parda";"Estudante, Bolsista, Estagiário e Assemelhados";"224";"2,20"
"Brasil";"Parda";"Farmacêutico";"16";"0,16"
"Brasil";"Parda";"Faxineiro";"7";"0,07"
"Brasil";"Parda";"Feirante, Ambulante e Mascate";"7";"0,07"
"Brasil";"Parda";"Ferroviário";"2";"0,02"
"Brasil";"Parda";"Fiscal";"13";"0,13"
"Brasil";"Parda";"Físico";"1";"0,01"
"Brasil";"Parda";"Fisioterapeuta e Terapeuta Ocupacional";"15";"0,15"
"Brasil";"Parda";"Fonoaudiólogo";"2";"0,02"
"Brasil";"Parda";"Fotógrafo e Assemelhados";"18";"0,18"
"Brasil";"Parda";"Frentista";"4";"0,04"
"Brasil";"Parda";"Funileiro";"1";"0,01"
"Brasil";"Parda";"Garçom";"15";"0,15"
"Brasil";"Parda";"Gari ou Lixeiro";"6";"0,06"
"Brasil";"Parda";"Garimpeiro";"4";"0,04"
"Brasil";"Parda";"Geógrafo";"3";"0,03"
"Brasil";"Parda";"Geólogo";"2";"0,02"
"Brasil";"Parda";"Gerente";"40";"0,39"
"Brasil";"Parda";"Governador";"4";"0,04"
"Brasil";"Parda";"Governanta";"1";"0,01"
"Brasil";"Parda";"Guia de Turismo";"3";"0,03"
"Brasil";"Parda";"Historiador";"5";"0,05"
"Brasil";"Parda";"Industrial";"9";"0,09"
"Brasil";"Parda";"Jardineiro";"2";"0,02"
"Brasil";"Parda";"Jornaleiro";"2";"0,02"
"Brasil";"Parda";"Jornalista e Redator";"95";"0,93"
"Brasil";"Parda";"Lanterneiro e Pintor de Veículos";"2";"0,02"
"Brasil";"Parda";"Lavador de Veículos";"1";"0,01"
"Brasil";"Parda";"Locutor e Comentarista de Rádio e Televisão e Radialista";"45";"0,44"
"Brasil";"Parda";"Magistrado";"4";"0,04"
"Brasil";"Parda";"Manicure e Maquilador";"10";"0,10"
"Brasil";"Parda";"Marinheiro Civil, Canoeiro, Embarcado e Assemelhados";"2";"0,02"
"Brasil";"Parda";"Massagista";"3";"0,03"
"Brasil";"Parda";"Mecânico de Manutenção";"26";"0,26"
"Brasil";"Parda";"Médico";"138";"1,36"
"Brasil";"Parda";"Membro das Forças Armadas";"34";"0,33"
"Brasil";"Parda";"Militar Reformado";"93";"0,91"
"Brasil";"Parda";"Ministro de Estado";"3";"0,03"
"Brasil";"Parda";"Modelo";"2";"0,02"
"Brasil";"Parda";"Montador de Estrutura Metálica";"3";"0,03"
"Brasil";"Parda";"Montador de Máquinas";"1";"0,01"
"Brasil";"Parda";"Motoboy";"17";"0,17"
"Brasil";"Parda";"Motorista de Veículos de Transporte Coletivo de Passageiros";"49";"0,48"
"Brasil";"Parda";"Motorista de Veículos de Transporte de Carga";"31";"0,30"
"Brasil";"Parda";"Motorista Particular";"73";"0,72"
"Brasil";"Parda";"Músico";"43";"0,42"
"Brasil";"Parda";"Nutricionista e Assemelhados";"6";"0,06"
"Brasil";"Parda";"Oceanógrafo";"7";"0,07"
"Brasil";"Parda";"Ocupante de Cargo em Comissão";"10";"0,10"
"Brasil";"Parda";"Odontólogo";"16";"0,16"
"Brasil";"Parda";"Operador de Aparelhos de Produção Industrial";"4";"0,04"
"Brasil";"Parda";"Operador de Computador";"3";"0,03"
"Brasil";"Parda";"Operador de Equipamento de Rádio, Televisão, Som e Cinema";"3";"0,03"
"Brasil";"Parda";"Operador de Equipamento Médico e Odontológico";"1";"0,01"
"Brasil";"Parda";"Operador de Implemento de Agricultura, Pecuária e Exploração Florestal";"2";"0,02"
"Brasil";"Parda";"Operador de Instalação de Produção de Energia Elétrica e Nuclear";"3";"0,03"
"Brasil";"Parda";"Outros";"2296";"22,57"
"Brasil";"Parda";"Padeiro, Confeiteiro e Assemelhados";"6";"0,06"
"Brasil";"Parda";"Pecuarista";"14";"0,14"
"Brasil";"Parda";"Pedagogo";"71";"0,70"
"Brasil";"Parda";"Pescador";"19";"0,19"
"Brasil";"Parda";"Petroleiro";"3";"0,03"
"Brasil";"Parda";"Piloto de Aviação Comercial, Navegador, Mecânico de Vôo e Assemelhados";"2";"0,02"
"Brasil";"Parda";"Policial Civil";"68";"0,67"
"Brasil";"Parda";"Policial Militar";"293";"2,88"
"Brasil";"Parda";"Porteiro de Edifício, Ascensorista, Garagista e Zelador";"11";"0,11"
"Brasil";"Parda";"Prefeito";"1";"0,01"
"Brasil";"Parda";"Produtor Agropecuário";"19";"0,19"
"Brasil";"Parda";"Produtor de Espetáculos Públicos";"13";"0,13"
"Brasil";"Parda";"Professor de Ensino Fundamental";"136";"1,34"
"Brasil";"Parda";"Professor de Ensino Médio";"239";"2,35"
"Brasil";"Parda";"Professor de Ensino Superior";"112";"1,10"
"Brasil";"Parda";"Professor e Instrutor de Formação Profissional";"40";"0,39"
"Brasil";"Parda";"Programador de Computador";"4";"0,04"
"Brasil";"Parda";"Psicólogo";"26";"0,26"
"Brasil";"Parda";"Publicitário";"14";"0,14"
"Brasil";"Parda";"Químico";"4";"0,04"
"Brasil";"Parda";"Recepcionista";"17";"0,17"
"Brasil";"Parda";"Relações-Públicas";"3";"0,03"
"Brasil";"Parda";"Relojoeiro e Montador de Instrumento de Precisão";"1";"0,01"
"Brasil";"Parda";"Representante Comercial";"44";"0,43"
"Brasil";"Parda";"Sacerdote ou Membro de Ordem ou Seita Religiosa";"59";"0,58"
"Brasil";"Parda";"Salva-Vidas";"1";"0,01"
"Brasil";"Parda";"Secretário e Datilógrafo";"34";"0,33"
"Brasil";"Parda";"Senador";"13";"0,13"
"Brasil";"Parda";"Serralheiro";"8";"0,08"
"Brasil";"Parda";"Serventuário de Justiça";"7";"0,07"
"Brasil";"Parda";"Servidor Público Civil Aposentado";"44";"0,43"
"Brasil";"Parda";"Servidor Público Estadual";"311";"3,06"
"Brasil";"Parda";"Servidor Público Federal";"164";"1,61"
"Brasil";"Parda";"Servidor Público Municipal";"226";"2,22"
"Brasil";"Parda";"Sociólogo";"10";"0,10"
"Brasil";"Parda";"Supervisor, Inspetor e Agente de Compras e Vendas";"17";"0,17"
"Brasil";"Parda";"Tabelião";"1";"0,01"
"Brasil";"Parda";"Tapeceiro";"1";"0,01"
"Brasil";"Parda";"Taxista";"33";"0,32"
"Brasil";"Parda";"Técnico Contabilidade, Estatística, Economia Doméstica e Administração";"30";"0,29"
"Brasil";"Parda";"Técnico de Biologia";"1";"0,01"
"Brasil";"Parda";"Técnico de Eletricidade, Eletrônica e Telecomunicações";"10";"0,10"
"Brasil";"Parda";"Técnico de Enfermagem e Assemelhados (Exceto Enfermeiro)";"57";"0,56"
"Brasil";"Parda";"Técnico de Laboratório e Raios X";"7";"0,07"
"Brasil";"Parda";"Técnico de Mecânica";"5";"0,05"
"Brasil";"Parda";"Técnico de Mineração, Metalurgia e Geologia";"1";"0,01"
"Brasil";"Parda";"Técnico de Obras Civis, Estradas, Saneamento e Assemelhados";"8";"0,08"
"Brasil";"Parda";"Técnico de Química";"2";"0,02"
"Brasil";"Parda";"Técnico em Agronomia e Agrimensura";"10";"0,10"
"Brasil";"Parda";"Técnico em Edificações";"5";"0,05"
"Brasil";"Parda";"Técnico em Informática";"13";"0,13"
"Brasil";"Parda";"Telefonista";"5";"0,05"
"Brasil";"Parda";"Terapeuta";"1";"0,01"
"Brasil";"Parda";"Torneiro Mecânico";"3";"0,03"
"Brasil";"Parda";"Trabalhador de Artes Gráficas";"1";"0,01"
"Brasil";"Parda";"Trabalhador de Construção Civil";"19";"0,19"
"Brasil";"Parda";"Trabalhador de Fabricação de Produtos de Borracha e Plástico";"1";"0,01"
"Brasil";"Parda";"Trabalhador de Fabricação de Produtos Têxteis (Exceto Roupas)";"1";"0,01"
"Brasil";"Parda";"Trabalhador de Fabricação de Roupas";"3";"0,03"
"Brasil";"Parda";"Trabalhador de Fabricação, Vulcanização e Reparação de Pneumáticos";"1";"0,01"
"Brasil";"Parda";"Trabalhador Dos Serviços de Contabilidade, de Caixa e Assemelhados";"3";"0,03"
"Brasil";"Parda";"Trabalhador Florestal";"1";"0,01"
"Brasil";"Parda";"Trabalhador Metalúrgico e Siderúrgico";"3";"0,03"
"Brasil";"Parda";"Trabalhador Rural";"20";"0,20"
"Brasil";"Parda";"Tradutor, Intérprete e Filólogo";"3";"0,03"
"Brasil";"Parda";"Vendedor de Comércio Varejista e Atacadista";"63";"0,62"
"Brasil";"Parda";"Vendedor Pracista, Representante, Caixeiro-Viajante e Assemelhados";"87";"0,86"
"Brasil";"Parda";"Vereador";"303";"2,98"
"Brasil";"Parda";"Veterinário";"10";"0,10"
"Brasil";"Parda";"Vigilante";"94";"0,92"
"Brasil";"Preta";"Administrador";"50";"1,61"
"Brasil";"Preta";"Advogado";"130";"4,19"
"Brasil";"Preta";"Agente Administrativo";"19";"0,61"
"Brasil";"Preta";"Agente de Saúde e Sanitarista";"18";"0,58"
"Brasil";"Preta";"Agente Postal";"4";"0,13"
"Brasil";"Preta";"Agricultor";"32";"1,03"
"Brasil";"Preta";"Almoxarife";"1";"0,03"
"Brasil";"Preta";"Analista de Sistemas";"6";"0,19"
"Brasil";"Preta";"Antropólogo";"1";"0,03"
"Brasil";"Preta";"Aposentado (Exceto Servidor Público)";"110";"3,55"
"Brasil";"Preta";"Arquiteto";"5";"0,16"
"Brasil";"Preta";"Arquivista e Museólogo";"1";"0,03"
"Brasil";"Preta";"Artesão";"6";"0,19"
"Brasil";"Preta";"Artista Plástico e Assemelhados";"6";"0,19"
"Brasil";"Preta";"Assistente Social";"39";"1,26"
"Brasil";"Preta";"Astrônomo";"2";"0,06"
"Brasil";"Preta";"Atendente de Lanchonete e Restaurante";"2";"0,06"
"Brasil";"Preta";"Atleta Profissional e Técnico em Desportos";"6";"0,19"
"Brasil";"Preta";"Ator e Diretor de Espetáculos Públicos";"6";"0,19"
"Brasil";"Preta";"Auxiliar de Escritório e Assemelhados";"30";"0,97"
"Brasil";"Preta";"Auxiliar de Laboratório";"1";"0,03"
"Brasil";"Preta";"Bancário e Economiário";"4";"0,13"
"Brasil";"Preta";"Bibliotecário";"1";"0,03"
"Brasil";"Preta";"Biólogo";"1";"0,03"
"Brasil";"Preta";"Bombeiro Civil";"7";"0,23"
"Brasil";"Preta";"Bombeiro e Instalador de Gás, Água, Esgoto e Assemelhados";"1";"0,03"
"Brasil";"Preta";"Bombeiro Militar";"10";"0,32"
"Brasil";"Preta";"Cabeleireiro e Barbeiro";"27";"0,87"
"Brasil";"Preta";"Cantor e Compositor";"15";"0,48"
"Brasil";"Preta";"Carpinteiro, Marceneiro e Assemelhados";"5";"0,16"
"Brasil";"Preta";"Catador de Recicláveis";"4";"0,13"
"Brasil";"Preta";"Cientista Político";"2";"0,06"
"Brasil";"Preta";"Cobrador de Transporte Coletivo";"6";"0,19"
"Brasil";"Preta";"Comerciante";"79";"2,55"
"Brasil";"Preta";"Comerciário";"8";"0,26"
"Brasil";"Preta";"Comunicólogo";"2";"0,06"
"Brasil";"Preta";"Contador";"22";"0,71"
"Brasil";"Preta";"Coreógrafo e Bailarino";"1";"0,03"
"Brasil";"Preta";"Corretor de Imóveis, Seguros, Títulos e Valores";"27";"0,87"
"Brasil";"Preta";"Cozinheiro";"14";"0,45"
"Brasil";"Preta";"Deputado";"39";"1,26"
"Brasil";"Preta";"Desenhista";"1";"0,03"
"Brasil";"Preta";"Despachante";"2";"0,06"
"Brasil";"Preta";"Detetive Particular";"1";"0,03"
"Brasil";"Preta";"Digitador";"1";"0,03"
"Brasil";"Preta";"Diretor de Empresas";"2";"0,06"
"Brasil";"Preta";"Diretor de Estabelecimento de Ensino";"6";"0,19"
"Brasil";"Preta";"Dona de Casa";"77";"2,48"
"Brasil";"Preta";"Economista";"5";"0,16"
"Brasil";"Preta";"Eletricista e Assemelhados";"11";"0,35"
"Brasil";"Preta";"Empregado Doméstico";"5";"0,16"
"Brasil";"Preta";"Empresário";"192";"6,20"
"Brasil";"Preta";"Encanador, Soldador, Chapeador e Caldeireiro";"1";"0,03"
"Brasil";"Preta";"Enfermeiro";"27";"0,87"
"Brasil";"Preta";"Engenheiro";"8";"0,26"
"Brasil";"Preta";"Engraxate";"1";"0,03"
"Brasil";"Preta";"Escritor e Crítico";"1";"0,03"
"Brasil";"Preta";"Estatístico";"1";"0,03"
"Brasil";"Preta";"Esteticista";"5";"0,16"
"Brasil";"Preta";"Estudante, Bolsista, Estagiário e Assemelhados";"93";"3,00"
"Brasil";"Preta";"Farmacêutico";"2";"0,06"
"Brasil";"Preta";"Faxineiro";"2";"0,06"
"Brasil";"Preta";"Feirante, Ambulante e Mascate";"6";"0,19"
"Brasil";"Preta";"Ferroviário";"1";"0,03"
"Brasil";"Preta";"Fiandeiro, Tecelão, Tingidor e Assemelhados";"1";"0,03"
"Brasil";"Preta";"Fiscal";"3";"0,10"
"Brasil";"Preta";"Fisioterapeuta e Terapeuta Ocupacional";"6";"0,19"
"Brasil";"Preta";"Fonoaudiólogo";"1";"0,03"
"Brasil";"Preta";"Fotógrafo e Assemelhados";"3";"0,10"
"Brasil";"Preta";"Funileiro";"1";"0,03"
"Brasil";"Preta";"Garçom";"4";"0,13"
"Brasil";"Preta";"Gari ou Lixeiro";"10";"0,32"
"Brasil";"Preta";"Garimpeiro";"1";"0,03"
"Brasil";"Preta";"Geógrafo";"3";"0,10"
"Brasil";"Preta";"Gerente";"8";"0,26"
"Brasil";"Preta";"Guia de Turismo";"1";"0,03"
"Brasil";"Preta";"Historiador";"5";"0,16"
"Brasil";"Preta";"Industrial";"2";"0,06"
"Brasil";"Preta";"Jornaleiro";"1";"0,03"
"Brasil";"Preta";"Jornalista e Redator";"23";"0,74"
"Brasil";"Preta";"Leiturista";"1";"0,03"
"Brasil";"Preta";"Locutor e Comentarista de Rádio e Televisão e Radialista";"11";"0,35"
"Brasil";"Preta";"Manicure e Maquilador";"3";"0,10"
"Brasil";"Preta";"Massagista";"1";"0,03"
"Brasil";"Preta";"Mecânico de Manutenção";"15";"0,48"
"Brasil";"Preta";"Médico";"14";"0,45"
"Brasil";"Preta";"Membro das Forças Armadas";"5";"0,16"
"Brasil";"Preta";"Militar Reformado";"23";"0,74"
"Brasil";"Preta";"Montador de Estrutura Metálica";"2";"0,06"
"Brasil";"Preta";"Motoboy";"2";"0,06"
"Brasil";"Preta";"Motorista de Veículos de Transporte Coletivo de Passageiros";"16";"0,52"
"Brasil";"Preta";"Motorista de Veículos de Transporte de Carga";"5";"0,16"
"Brasil";"Preta";"Motorista Particular";"40";"1,29"
"Brasil";"Preta";"Músico";"16";"0,52"
"Brasil";"Preta";"Nutricionista e Assemelhados";"1";"0,03"
"Brasil";"Preta";"Oceanógrafo";"1";"0,03"
"Brasil";"Preta";"Ocupante de Cargo em Comissão";"4";"0,13"
"Brasil";"Preta";"Odontólogo";"5";"0,16"
"Brasil";"Preta";"Office-Boy e Contínuo";"1";"0,03"
"Brasil";"Preta";"Operador de Aparelhos de Produção Industrial";"3";"0,10"
"Brasil";"Preta";"Operador de Computador";"2";"0,06"
"Brasil";"Preta";"Operador de Equipamento de Rádio, Televisão, Som e Cinema";"1";"0,03"
"Brasil";"Preta";"Operador de Equipamento Médico e Odontológico";"1";"0,03"
"Brasil";"Preta";"Outros";"761";"24,56"
"Brasil";"Preta";"Padeiro, Confeiteiro e Assemelhados";"3";"0,10"
"Brasil";"Preta";"Pecuarista";"2";"0,06"
"Brasil";"Preta";"Pedagogo";"36";"1,16"
"Brasil";"Preta";"Pescador";"2";"0,06"
"Brasil";"Preta";"Petroleiro";"3";"0,10"
"Brasil";"Preta";"Policial Civil";"13";"0,42"
"Brasil";"Preta";"Policial Militar";"68";"2,19"
"Brasil";"Preta";"Porteiro de Edifício, Ascensorista, Garagista e Zelador";"5";"0,16"
"Brasil";"Preta";"Produtor Agropecuário";"1";"0,03"
"Brasil";"Preta";"Produtor de Espetáculos Públicos";"13";"0,42"
"Brasil";"Preta";"Professor de Ensino Fundamental";"81";"2,61"
"Brasil";"Preta";"Professor de Ensino Médio";"125";"4,03"
"Brasil";"Preta";"Professor de Ensino Superior";"53";"1,71"
"Brasil";"Preta";"Professor e Instrutor de Formação Profissional";"21";"0,68"
"Brasil";"Preta";"Programador de Computador";"1";"0,03"
"Brasil";"Preta";"Psicólogo";"7";"0,23"
"Brasil";"Preta";"Publicitário";"6";"0,19"
"Brasil";"Preta";"Recepcionista";"6";"0,19"
"Brasil";"Preta";"Relações-Públicas";"4";"0,13"
"Brasil";"Preta";"Representante Comercial";"7";"0,23"
"Brasil";"Preta";"Sacerdote ou Membro de Ordem ou Seita Religiosa";"11";"0,35"
"Brasil";"Preta";"Secretário e Datilógrafo";"7";"0,23"
"Brasil";"Preta";"Senador";"1";"0,03"
"Brasil";"Preta";"Serralheiro";"2";"0,06"
"Brasil";"Preta";"Servidor Público Civil Aposentado";"17";"0,55"
"Brasil";"Preta";"Servidor Público Estadual";"75";"2,42"
"Brasil";"Preta";"Servidor Público Federal";"41";"1,32"
"Brasil";"Preta";"Servidor Público Municipal";"59";"1,90"
"Brasil";"Preta";"Sociólogo";"2";"0,06"
"Brasil";"Preta";"Supervisor, Inspetor e Agente de Compras e Vendas";"2";"0,06"
"Brasil";"Preta";"Taxista";"6";"0,19"
"Brasil";"Preta";"Técnico Contabilidade, Estatística, Economia Doméstica e Administração";"8";"0,26"
"Brasil";"Preta";"Técnico de Eletricidade, Eletrônica e Telecomunicações";"3";"0,10"
"Brasil";"Preta";"Técnico de Enfermagem e Assemelhados (Exceto Enfermeiro)";"24";"0,77"
"Brasil";"Preta";"Técnico de Laboratório e Raios X";"2";"0,06"
"Brasil";"Preta";"Técnico de Mecânica";"1";"0,03"
"Brasil";"Preta";"Técnico de Obras Civis, Estradas, Saneamento e Assemelhados";"1";"0,03"
"Brasil";"Preta";"Técnico em Agronomia e Agrimensura";"3";"0,10"
"Brasil";"Preta";"Técnico em Edificações";"2";"0,06"
"Brasil";"Preta";"Técnico em Informática";"4";"0,13"
"Brasil";"Preta";"Telefonista";"3";"0,10"
"Brasil";"Preta";"Terapeuta";"1";"0,03"
"Brasil";"Preta";"Trabalhador de Construção Civil";"17";"0,55"
"Brasil";"Preta";"Trabalhador de Fabricação de Produtos Têxteis (Exceto Roupas)";"1";"0,03"
"Brasil";"Preta";"Trabalhador de Usinagem de Metais";"2";"0,06"
"Brasil";"Preta";"Trabalhador Dos Serviços de Contabilidade, de Caixa e Assemelhados";"1";"0,03"
"Brasil";"Preta";"Trabalhador Metalúrgico e Siderúrgico";"4";"0,13"
"Brasil";"Preta";"Trabalhador Rural";"8";"0,26"
"Brasil";"Preta";"Vendedor de Comércio Varejista e Atacadista";"13";"0,42"
"Brasil";"Preta";"Vendedor Pracista, Representante, Caixeiro-Viajante e Assemelhados";"22";"0,71"
"Brasil";"Preta";"Vereador";"62";"2,00"
"Brasil";"Preta";"Vigilante";"29";"0,94"
