"Abrangência";"Operação";"Cargo";"Quantitativo";"Porcentagem (%)";
"Brasil";"Administrador";"Deputado Distrital";"20";"2,99"
"Brasil";"Administrador";"Deputado Estadual";"387";"57,93"
"Brasil";"Administrador";"Deputado Federal";"208";"31,14"
"Brasil";"Administrador";"Governador";"5";"0,75"
"Brasil";"Administrador";"Senador";"10";"1,50"
"Brasil";"Administrador";"Senador 1º Suplente";"16";"2,40"
"Brasil";"Administrador";"Senador 2º Suplente";"18";"2,69"
"Brasil";"Administrador";"Vice-governador";"4";"0,60"
"Brasil";"Advogado";"Deputado Distrital";"54";"3,05"
"Brasil";"Advogado";"Deputado Estadual";"898";"50,65"
"Brasil";"Advogado";"Deputado Federal";"644";"36,32"
"Brasil";"Advogado";"Governador";"22";"1,24"
"Brasil";"Advogado";"Presidente";"1";"0,06"
"Brasil";"Advogado";"Senador";"43";"2,43"
"Brasil";"Advogado";"Senador 1º Suplente";"49";"2,76"
"Brasil";"Advogado";"Senador 2º Suplente";"35";"1,97"
"Brasil";"Advogado";"Vice-governador";"26";"1,47"
"Brasil";"Advogado";"Vice-presidente";"1";"0,06"
"Brasil";"Agenciador de Propaganda";"Deputado Federal";"2";"66,67"
"Brasil";"Agenciador de Propaganda";"Senador 1º Suplente";"1";"33,33"
"Brasil";"Agente Administrativo";"Deputado Distrital";"7";"5,65"
"Brasil";"Agente Administrativo";"Deputado Estadual";"85";"68,55"
"Brasil";"Agente Administrativo";"Deputado Federal";"26";"20,97"
"Brasil";"Agente Administrativo";"Senador";"1";"0,81"
"Brasil";"Agente Administrativo";"Senador 1º Suplente";"3";"2,42"
"Brasil";"Agente Administrativo";"Senador 2º Suplente";"2";"1,61"
"Brasil";"Agente de Saúde e Sanitarista";"Deputado Distrital";"3";"3,45"
"Brasil";"Agente de Saúde e Sanitarista";"Deputado Estadual";"57";"65,52"
"Brasil";"Agente de Saúde e Sanitarista";"Deputado Federal";"25";"28,74"
"Brasil";"Agente de Saúde e Sanitarista";"Governador";"1";"1,15"
"Brasil";"Agente de Saúde e Sanitarista";"Senador";"1";"1,15"
"Brasil";"Agente de Serviços Funerários e Embalsamador";"Deputado Estadual";"2";"66,67"
"Brasil";"Agente de Serviços Funerários e Embalsamador";"Deputado Federal";"1";"33,33"
"Brasil";"Agente de Viagem";"Deputado Estadual";"3";"75,00"
"Brasil";"Agente de Viagem";"Deputado Federal";"1";"25,00"
"Brasil";"Agente Postal";"Deputado Distrital";"1";"7,69"
"Brasil";"Agente Postal";"Deputado Estadual";"6";"46,15"
"Brasil";"Agente Postal";"Deputado Federal";"5";"38,46"
"Brasil";"Agente Postal";"Governador";"1";"7,69"
"Brasil";"Agricultor";"Deputado Estadual";"170";"67,73"
"Brasil";"Agricultor";"Deputado Federal";"72";"28,69"
"Brasil";"Agricultor";"Senador 1º Suplente";"6";"2,39"
"Brasil";"Agricultor";"Senador 2º Suplente";"2";"0,80"
"Brasil";"Agricultor";"Vice-governador";"1";"0,40"
"Brasil";"Agrônomo";"Deputado Estadual";"21";"60,00"
"Brasil";"Agrônomo";"Deputado Federal";"8";"22,86"
"Brasil";"Agrônomo";"Governador";"1";"2,86"
"Brasil";"Agrônomo";"Senador";"1";"2,86"
"Brasil";"Agrônomo";"Senador 1º Suplente";"2";"5,71"
"Brasil";"Agrônomo";"Senador 2º Suplente";"1";"2,86"
"Brasil";"Agrônomo";"Vice-governador";"1";"2,86"
"Brasil";"Alfaiate e Costureiro";"Deputado Estadual";"2";"33,33"
"Brasil";"Alfaiate e Costureiro";"Deputado Federal";"3";"50,00"
"Brasil";"Alfaiate e Costureiro";"Senador 1º Suplente";"1";"16,67"
"Brasil";"Almoxarife";"Deputado Estadual";"4";"80,00"
"Brasil";"Almoxarife";"Senador 1º Suplente";"1";"20,00"
"Brasil";"Analista de Sistemas";"Deputado Distrital";"5";"10,00"
"Brasil";"Analista de Sistemas";"Deputado Estadual";"27";"54,00"
"Brasil";"Analista de Sistemas";"Deputado Federal";"17";"34,00"
"Brasil";"Analista de Sistemas";"Senador";"1";"2,00"
"Brasil";"Antropólogo";"Deputado Estadual";"3";"60,00"
"Brasil";"Antropólogo";"Deputado Federal";"2";"40,00"
"Brasil";"Aposentado (Exceto Servidor Público)";"Deputado Distrital";"24";"3,15"
"Brasil";"Aposentado (Exceto Servidor Público)";"Deputado Estadual";"463";"60,68"
"Brasil";"Aposentado (Exceto Servidor Público)";"Deputado Federal";"234";"30,67"
"Brasil";"Aposentado (Exceto Servidor Público)";"Governador";"4";"0,52"
"Brasil";"Aposentado (Exceto Servidor Público)";"Senador";"5";"0,66"
"Brasil";"Aposentado (Exceto Servidor Público)";"Senador 1º Suplente";"9";"1,18"
"Brasil";"Aposentado (Exceto Servidor Público)";"Senador 2º Suplente";"17";"2,23"
"Brasil";"Aposentado (Exceto Servidor Público)";"Vice-governador";"7";"0,92"
"Brasil";"Arquiteto";"Deputado Distrital";"1";"1,61"
"Brasil";"Arquiteto";"Deputado Estadual";"35";"56,45"
"Brasil";"Arquiteto";"Deputado Federal";"22";"35,48"
"Brasil";"Arquiteto";"Senador";"2";"3,23"
"Brasil";"Arquiteto";"Senador 2º Suplente";"2";"3,23"
"Brasil";"Arquivista e Museólogo";"Deputado Estadual";"2";"66,67"
"Brasil";"Arquivista e Museólogo";"Senador 2º Suplente";"1";"33,33"
"Brasil";"Artesão";"Deputado Distrital";"1";"2,13"
"Brasil";"Artesão";"Deputado Estadual";"38";"80,85"
"Brasil";"Artesão";"Deputado Federal";"8";"17,02"
"Brasil";"Artista de Circo";"Deputado Estadual";"6";"75,00"
"Brasil";"Artista de Circo";"Deputado Federal";"2";"25,00"
"Brasil";"Artista Plástico e Assemelhados";"Deputado Estadual";"19";"61,29"
"Brasil";"Artista Plástico e Assemelhados";"Deputado Federal";"11";"35,48"
"Brasil";"Artista Plástico e Assemelhados";"Senador 1º Suplente";"1";"3,23"
"Brasil";"Assistente Social";"Deputado Distrital";"9";"5,06"
"Brasil";"Assistente Social";"Deputado Estadual";"125";"70,22"
"Brasil";"Assistente Social";"Deputado Federal";"34";"19,10"
"Brasil";"Assistente Social";"Governador";"1";"0,56"
"Brasil";"Assistente Social";"Senador";"1";"0,56"
"Brasil";"Assistente Social";"Senador 1º Suplente";"1";"0,56"
"Brasil";"Assistente Social";"Senador 2º Suplente";"4";"2,25"
"Brasil";"Assistente Social";"Vice-governador";"3";"1,69"
"Brasil";"Astrólogo";"Deputado Estadual";"1";"100,00"
"Brasil";"Astrônomo";"Deputado Distrital";"1";"9,09"
"Brasil";"Astrônomo";"Deputado Estadual";"7";"63,64"
"Brasil";"Astrônomo";"Deputado Federal";"3";"27,27"
"Brasil";"Atendente de Lanchonete e Restaurante";"Deputado Estadual";"10";"71,43"
"Brasil";"Atendente de Lanchonete e Restaurante";"Deputado Federal";"4";"28,57"
"Brasil";"Atleta Profissional e Técnico em Desportos";"Deputado Distrital";"1";"3,70"
"Brasil";"Atleta Profissional e Técnico em Desportos";"Deputado Estadual";"18";"66,67"
"Brasil";"Atleta Profissional e Técnico em Desportos";"Deputado Federal";"6";"22,22"
"Brasil";"Atleta Profissional e Técnico em Desportos";"Senador";"2";"7,41"
"Brasil";"Ator e Diretor de Espetáculos Públicos";"Deputado Distrital";"1";"2,50"
"Brasil";"Ator e Diretor de Espetáculos Públicos";"Deputado Estadual";"24";"60,00"
"Brasil";"Ator e Diretor de Espetáculos Públicos";"Deputado Federal";"15";"37,50"
"Brasil";"Auxiliar de Escritório e Assemelhados";"Deputado Distrital";"4";"2,14"
"Brasil";"Auxiliar de Escritório e Assemelhados";"Deputado Estadual";"132";"70,59"
"Brasil";"Auxiliar de Escritório e Assemelhados";"Deputado Federal";"45";"24,06"
"Brasil";"Auxiliar de Escritório e Assemelhados";"Senador 1º Suplente";"2";"1,07"
"Brasil";"Auxiliar de Escritório e Assemelhados";"Senador 2º Suplente";"2";"1,07"
"Brasil";"Auxiliar de Escritório e Assemelhados";"Vice-governador";"2";"1,07"
"Brasil";"Auxiliar de Laboratório";"Deputado Estadual";"6";"85,71"
"Brasil";"Auxiliar de Laboratório";"Vice-governador";"1";"14,29"
"Brasil";"Bancário e Economiário";"Deputado Distrital";"7";"7,00"
"Brasil";"Bancário e Economiário";"Deputado Estadual";"54";"54,00"
"Brasil";"Bancário e Economiário";"Deputado Federal";"29";"29,00"
"Brasil";"Bancário e Economiário";"Governador";"3";"3,00"
"Brasil";"Bancário e Economiário";"Senador 1º Suplente";"2";"2,00"
"Brasil";"Bancário e Economiário";"Senador 2º Suplente";"5";"5,00"
"Brasil";"Bibliotecário";"Deputado Estadual";"5";"55,56"
"Brasil";"Bibliotecário";"Deputado Federal";"3";"33,33"
"Brasil";"Bibliotecário";"Senador";"1";"11,11"
"Brasil";"Biólogo";"Deputado Estadual";"15";"60,00"
"Brasil";"Biólogo";"Deputado Federal";"9";"36,00"
"Brasil";"Biólogo";"Senador 2º Suplente";"1";"4,00"
"Brasil";"Biomédico";"Deputado Estadual";"8";"57,14"
"Brasil";"Biomédico";"Deputado Federal";"6";"42,86"
"Brasil";"Bombeiro Civil";"Deputado Distrital";"2";"11,11"
"Brasil";"Bombeiro Civil";"Deputado Estadual";"12";"66,67"
"Brasil";"Bombeiro Civil";"Deputado Federal";"4";"22,22"
"Brasil";"Bombeiro e Instalador de Gás, Água, Esgoto e Assemelhados";"Deputado Estadual";"2";"100,00"
"Brasil";"Bombeiro Militar";"Deputado Distrital";"18";"17,65"
"Brasil";"Bombeiro Militar";"Deputado Estadual";"55";"53,92"
"Brasil";"Bombeiro Militar";"Deputado Federal";"25";"24,51"
"Brasil";"Bombeiro Militar";"Governador";"1";"0,98"
"Brasil";"Bombeiro Militar";"Senador";"1";"0,98"
"Brasil";"Bombeiro Militar";"Senador 1º Suplente";"1";"0,98"
"Brasil";"Bombeiro Militar";"Senador 2º Suplente";"1";"0,98"
"Brasil";"Cabeleireiro e Barbeiro";"Deputado Distrital";"2";"1,23"
"Brasil";"Cabeleireiro e Barbeiro";"Deputado Estadual";"129";"79,63"
"Brasil";"Cabeleireiro e Barbeiro";"Deputado Federal";"31";"19,14"
"Brasil";"Cantor e Compositor";"Deputado Distrital";"4";"5,48"
"Brasil";"Cantor e Compositor";"Deputado Estadual";"43";"58,90"
"Brasil";"Cantor e Compositor";"Deputado Federal";"25";"34,25"
"Brasil";"Cantor e Compositor";"Senador";"1";"1,37"
"Brasil";"Capitalista de Ativos Financeiros";"Deputado Estadual";"1";"50,00"
"Brasil";"Capitalista de Ativos Financeiros";"Deputado Federal";"1";"50,00"
"Brasil";"Carpinteiro, Marceneiro e Assemelhados";"Deputado Estadual";"14";"93,33"
"Brasil";"Carpinteiro, Marceneiro e Assemelhados";"Deputado Federal";"1";"6,67"
"Brasil";"Catador de Recicláveis";"Deputado Distrital";"2";"22,22"
"Brasil";"Catador de Recicláveis";"Deputado Estadual";"4";"44,44"
"Brasil";"Catador de Recicláveis";"Deputado Federal";"3";"33,33"
"Brasil";"Ceramista e Oleiro";"Deputado Estadual";"1";"100,00"
"Brasil";"Chaveiro";"Deputado Estadual";"3";"100,00"
"Brasil";"Cientista Político";"Deputado Distrital";"1";"7,69"
"Brasil";"Cientista Político";"Deputado Estadual";"5";"38,46"
"Brasil";"Cientista Político";"Deputado Federal";"5";"38,46"
"Brasil";"Cientista Político";"Senador";"1";"7,69"
"Brasil";"Cientista Político";"Vice-presidente";"1";"7,69"
"Brasil";"Cobrador de Transporte Coletivo";"Deputado Distrital";"1";"4,35"
"Brasil";"Cobrador de Transporte Coletivo";"Deputado Estadual";"15";"65,22"
"Brasil";"Cobrador de Transporte Coletivo";"Deputado Federal";"5";"21,74"
"Brasil";"Cobrador de Transporte Coletivo";"Senador 2º Suplente";"1";"4,35"
"Brasil";"Cobrador de Transporte Coletivo";"Vice-governador";"1";"4,35"
"Brasil";"Comandante de Embarcações";"Deputado Estadual";"1";"100,00"
"Brasil";"Comerciante";"Deputado Distrital";"27";"2,76"
"Brasil";"Comerciante";"Deputado Estadual";"683";"69,77"
"Brasil";"Comerciante";"Deputado Federal";"242";"24,72"
"Brasil";"Comerciante";"Governador";"2";"0,20"
"Brasil";"Comerciante";"Senador 1º Suplente";"10";"1,02"
"Brasil";"Comerciante";"Senador 2º Suplente";"14";"1,43"
"Brasil";"Comerciante";"Vice-governador";"1";"0,10"
"Brasil";"Comerciário";"Deputado Distrital";"1";"1,47"
"Brasil";"Comerciário";"Deputado Estadual";"40";"58,82"
"Brasil";"Comerciário";"Deputado Federal";"22";"32,35"
"Brasil";"Comerciário";"Senador";"2";"2,94"
"Brasil";"Comerciário";"Senador 1º Suplente";"2";"2,94"
"Brasil";"Comerciário";"Vice-governador";"1";"1,47"
"Brasil";"Comissário de Bordo";"Deputado Estadual";"1";"50,00"
"Brasil";"Comissário de Bordo";"Deputado Federal";"1";"50,00"
"Brasil";"Comunicólogo";"Deputado Distrital";"2";"11,76"
"Brasil";"Comunicólogo";"Deputado Estadual";"10";"58,82"
"Brasil";"Comunicólogo";"Deputado Federal";"5";"29,41"
"Brasil";"Contador";"Deputado Distrital";"7";"3,66"
"Brasil";"Contador";"Deputado Estadual";"125";"65,45"
"Brasil";"Contador";"Deputado Federal";"50";"26,18"
"Brasil";"Contador";"Governador";"1";"0,52"
"Brasil";"Contador";"Senador";"2";"1,05"
"Brasil";"Contador";"Senador 1º Suplente";"1";"0,52"
"Brasil";"Contador";"Senador 2º Suplente";"3";"1,57"
"Brasil";"Contador";"Vice-governador";"2";"1,05"
"Brasil";"Coreógrafo e Bailarino";"Deputado Estadual";"2";"50,00"
"Brasil";"Coreógrafo e Bailarino";"Deputado Federal";"2";"50,00"
"Brasil";"Corretor de Imóveis, Seguros, Títulos e Valores";"Deputado Distrital";"15";"5,70"
"Brasil";"Corretor de Imóveis, Seguros, Títulos e Valores";"Deputado Estadual";"172";"65,40"
"Brasil";"Corretor de Imóveis, Seguros, Títulos e Valores";"Deputado Federal";"70";"26,62"
"Brasil";"Corretor de Imóveis, Seguros, Títulos e Valores";"Governador";"1";"0,38"
"Brasil";"Corretor de Imóveis, Seguros, Títulos e Valores";"Senador";"2";"0,76"
"Brasil";"Corretor de Imóveis, Seguros, Títulos e Valores";"Senador 1º Suplente";"3";"1,14"
"Brasil";"Cozinheiro";"Deputado Distrital";"2";"4,26"
"Brasil";"Cozinheiro";"Deputado Estadual";"31";"65,96"
"Brasil";"Cozinheiro";"Deputado Federal";"14";"29,79"
"Brasil";"Decorador";"Deputado Estadual";"2";"50,00"
"Brasil";"Decorador";"Deputado Federal";"2";"50,00"
"Brasil";"Deputado";"Deputado Distrital";"15";"1,34"
"Brasil";"Deputado";"Deputado Estadual";"628";"56,22"
"Brasil";"Deputado";"Deputado Federal";"399";"35,72"
"Brasil";"Deputado";"Governador";"11";"0,98"
"Brasil";"Deputado";"Presidente";"1";"0,09"
"Brasil";"Deputado";"Senador";"40";"3,58"
"Brasil";"Deputado";"Senador 1º Suplente";"6";"0,54"
"Brasil";"Deputado";"Senador 2º Suplente";"2";"0,18"
"Brasil";"Deputado";"Vice-governador";"15";"1,34"
"Brasil";"Desenhista";"Deputado Estadual";"6";"54,55"
"Brasil";"Desenhista";"Deputado Federal";"5";"45,45"
"Brasil";"Despachante";"Deputado Estadual";"16";"76,19"
"Brasil";"Despachante";"Deputado Federal";"5";"23,81"
"Brasil";"Detetive Particular";"Deputado Estadual";"5";"71,43"
"Brasil";"Detetive Particular";"Deputado Federal";"2";"28,57"
"Brasil";"Digitador";"Deputado Estadual";"5";"100,00"
"Brasil";"Diretor de Empresas";"Deputado Estadual";"16";"66,67"
"Brasil";"Diretor de Empresas";"Deputado Federal";"7";"29,17"
"Brasil";"Diretor de Empresas";"Senador 1º Suplente";"1";"4,17"
"Brasil";"Diretor de Estabelecimento de Ensino";"Deputado Distrital";"1";"4,55"
"Brasil";"Diretor de Estabelecimento de Ensino";"Deputado Estadual";"15";"68,18"
"Brasil";"Diretor de Estabelecimento de Ensino";"Deputado Federal";"5";"22,73"
"Brasil";"Diretor de Estabelecimento de Ensino";"Senador 2º Suplente";"1";"4,55"
"Brasil";"Dona de Casa";"Deputado Distrital";"14";"3,10"
"Brasil";"Dona de Casa";"Deputado Estadual";"295";"65,27"
"Brasil";"Dona de Casa";"Deputado Federal";"132";"29,20"
"Brasil";"Dona de Casa";"Senador 1º Suplente";"4";"0,88"
"Brasil";"Dona de Casa";"Senador 2º Suplente";"6";"1,33"
"Brasil";"Dona de Casa";"Vice-governador";"1";"0,22"
"Brasil";"Economista";"Deputado Estadual";"52";"44,83"
"Brasil";"Economista";"Deputado Federal";"46";"39,66"
"Brasil";"Economista";"Governador";"5";"4,31"
"Brasil";"Economista";"Senador";"3";"2,59"
"Brasil";"Economista";"Senador 1º Suplente";"4";"3,45"
"Brasil";"Economista";"Senador 2º Suplente";"1";"0,86"
"Brasil";"Economista";"Vice-governador";"4";"3,45"
"Brasil";"Economista";"Vice-presidente";"1";"0,86"
"Brasil";"Economista Doméstico";"Deputado Estadual";"2";"66,67"
"Brasil";"Economista Doméstico";"Deputado Federal";"1";"33,33"
"Brasil";"Eletricista e Assemelhados";"Deputado Distrital";"1";"1,56"
"Brasil";"Eletricista e Assemelhados";"Deputado Estadual";"38";"59,38"
"Brasil";"Eletricista e Assemelhados";"Deputado Federal";"21";"32,81"
"Brasil";"Eletricista e Assemelhados";"Senador";"1";"1,56"
"Brasil";"Eletricista e Assemelhados";"Senador 2º Suplente";"3";"4,69"
"Brasil";"Embalador, Empacotador e Assemelhados";"Deputado Estadual";"1";"100,00"
"Brasil";"Empregado Doméstico";"Deputado Distrital";"1";"4,35"
"Brasil";"Empregado Doméstico";"Deputado Estadual";"12";"52,17"
"Brasil";"Empregado Doméstico";"Deputado Federal";"10";"43,48"
"Brasil";"Empresário";"Deputado Distrital";"101";"3,47"
"Brasil";"Empresário";"Deputado Estadual";"1780";"61,23"
"Brasil";"Empresário";"Deputado Federal";"859";"29,55"
"Brasil";"Empresário";"Governador";"12";"0,41"
"Brasil";"Empresário";"Presidente";"1";"0,03"
"Brasil";"Empresário";"Senador";"30";"1,03"
"Brasil";"Empresário";"Senador 1º Suplente";"58";"2,00"
"Brasil";"Empresário";"Senador 2º Suplente";"47";"1,62"
"Brasil";"Empresário";"Vice-governador";"18";"0,62"
"Brasil";"Empresário";"Vice-presidente";"1";"0,03"
"Brasil";"Encanador, Soldador, Chapeador e Caldeireiro";"Deputado Estadual";"5";"83,33"
"Brasil";"Encanador, Soldador, Chapeador e Caldeireiro";"Deputado Federal";"1";"16,67"
"Brasil";"Enfermeiro";"Deputado Distrital";"5";"2,35"
"Brasil";"Enfermeiro";"Deputado Estadual";"145";"68,08"
"Brasil";"Enfermeiro";"Deputado Federal";"60";"28,17"
"Brasil";"Enfermeiro";"Senador";"1";"0,47"
"Brasil";"Enfermeiro";"Vice-governador";"2";"0,94"
"Brasil";"Engenheiro";"Deputado Distrital";"7";"2,01"
"Brasil";"Engenheiro";"Deputado Estadual";"185";"53,16"
"Brasil";"Engenheiro";"Deputado Federal";"126";"36,21"
"Brasil";"Engenheiro";"Governador";"7";"2,01"
"Brasil";"Engenheiro";"Presidente";"2";"0,57"
"Brasil";"Engenheiro";"Senador";"4";"1,15"
"Brasil";"Engenheiro";"Senador 1º Suplente";"8";"2,30"
"Brasil";"Engenheiro";"Senador 2º Suplente";"4";"1,15"
"Brasil";"Engenheiro";"Vice-governador";"5";"1,44"
"Brasil";"Engraxate";"Deputado Estadual";"1";"100,00"
"Brasil";"Escritor e Crítico";"Deputado Distrital";"1";"3,85"
"Brasil";"Escritor e Crítico";"Deputado Estadual";"13";"50,00"
"Brasil";"Escritor e Crítico";"Deputado Federal";"11";"42,31"
"Brasil";"Escritor e Crítico";"Presidente";"1";"3,85"
"Brasil";"Escultor e Pintor";"Deputado Estadual";"3";"100,00"
"Brasil";"Estatístico";"Deputado Estadual";"2";"100,00"
"Brasil";"Esteticista";"Deputado Distrital";"3";"10,00"
"Brasil";"Esteticista";"Deputado Estadual";"17";"56,67"
"Brasil";"Esteticista";"Deputado Federal";"10";"33,33"
"Brasil";"Estudante, Bolsista, Estagiário e Assemelhados";"Deputado Distrital";"14";"2,58"
"Brasil";"Estudante, Bolsista, Estagiário e Assemelhados";"Deputado Estadual";"345";"63,54"
"Brasil";"Estudante, Bolsista, Estagiário e Assemelhados";"Deputado Federal";"174";"32,04"
"Brasil";"Estudante, Bolsista, Estagiário e Assemelhados";"Senador";"3";"0,55"
"Brasil";"Estudante, Bolsista, Estagiário e Assemelhados";"Senador 1º Suplente";"2";"0,37"
"Brasil";"Estudante, Bolsista, Estagiário e Assemelhados";"Senador 2º Suplente";"4";"0,74"
"Brasil";"Estudante, Bolsista, Estagiário e Assemelhados";"Vice-governador";"1";"0,18"
"Brasil";"Farmacêutico";"Deputado Distrital";"2";"3,85"
"Brasil";"Farmacêutico";"Deputado Estadual";"30";"57,69"
"Brasil";"Farmacêutico";"Deputado Federal";"17";"32,69"
"Brasil";"Farmacêutico";"Governador";"1";"1,92"
"Brasil";"Farmacêutico";"Senador";"1";"1,92"
"Brasil";"Farmacêutico";"Senador 2º Suplente";"1";"1,92"
"Brasil";"Faxineiro";"Deputado Estadual";"10";"76,92"
"Brasil";"Faxineiro";"Deputado Federal";"3";"23,08"
"Brasil";"Feirante, Ambulante e Mascate";"Deputado Distrital";"3";"14,29"
"Brasil";"Feirante, Ambulante e Mascate";"Deputado Estadual";"15";"71,43"
"Brasil";"Feirante, Ambulante e Mascate";"Deputado Federal";"3";"14,29"
"Brasil";"Ferroviário";"Deputado Estadual";"3";"60,00"
"Brasil";"Ferroviário";"Deputado Federal";"2";"40,00"
"Brasil";"Fiandeiro, Tecelão, Tingidor e Assemelhados";"Senador";"1";"100,00"
"Brasil";"Fiscal";"Deputado Estadual";"19";"57,58"
"Brasil";"Fiscal";"Deputado Federal";"12";"36,36"
"Brasil";"Fiscal";"Vice-governador";"2";"6,06"
"Brasil";"Físico";"Deputado Federal";"1";"100,00"
"Brasil";"Fisioterapeuta e Terapeuta Ocupacional";"Deputado Distrital";"2";"3,39"
"Brasil";"Fisioterapeuta e Terapeuta Ocupacional";"Deputado Estadual";"35";"59,32"
"Brasil";"Fisioterapeuta e Terapeuta Ocupacional";"Deputado Federal";"21";"35,59"
"Brasil";"Fisioterapeuta e Terapeuta Ocupacional";"Senador 2º Suplente";"1";"1,69"
"Brasil";"Fonoaudiólogo";"Deputado Estadual";"6";"75,00"
"Brasil";"Fonoaudiólogo";"Deputado Federal";"1";"12,50"
"Brasil";"Fonoaudiólogo";"Senador 2º Suplente";"1";"12,50"
"Brasil";"Fotógrafo e Assemelhados";"Deputado Estadual";"30";"75,00"
"Brasil";"Fotógrafo e Assemelhados";"Deputado Federal";"9";"22,50"
"Brasil";"Fotógrafo e Assemelhados";"Senador 2º Suplente";"1";"2,50"
"Brasil";"Frentista";"Deputado Distrital";"1";"12,50"
"Brasil";"Frentista";"Deputado Estadual";"5";"62,50"
"Brasil";"Frentista";"Deputado Federal";"2";"25,00"
"Brasil";"Funileiro";"Deputado Estadual";"2";"66,67"
"Brasil";"Funileiro";"Deputado Federal";"1";"33,33"
"Brasil";"Garçom";"Deputado Distrital";"3";"12,00"
"Brasil";"Garçom";"Deputado Estadual";"17";"68,00"
"Brasil";"Garçom";"Deputado Federal";"5";"20,00"
"Brasil";"Gari ou Lixeiro";"Deputado Estadual";"15";"78,95"
"Brasil";"Gari ou Lixeiro";"Deputado Federal";"4";"21,05"
"Brasil";"Garimpeiro";"Deputado Estadual";"3";"50,00"
"Brasil";"Garimpeiro";"Deputado Federal";"2";"33,33"
"Brasil";"Garimpeiro";"Senador";"1";"16,67"
"Brasil";"Geógrafo";"Deputado Estadual";"3";"33,33"
"Brasil";"Geógrafo";"Deputado Federal";"4";"44,44"
"Brasil";"Geógrafo";"Governador";"1";"11,11"
"Brasil";"Geógrafo";"Senador 2º Suplente";"1";"11,11"
"Brasil";"Geólogo";"Deputado Estadual";"3";"60,00"
"Brasil";"Geólogo";"Deputado Federal";"2";"40,00"
"Brasil";"Gerente";"Deputado Distrital";"4";"3,42"
"Brasil";"Gerente";"Deputado Estadual";"84";"71,79"
"Brasil";"Gerente";"Deputado Federal";"25";"21,37"
"Brasil";"Gerente";"Senador 1º Suplente";"2";"1,71"
"Brasil";"Gerente";"Senador 2º Suplente";"2";"1,71"
"Brasil";"Governador";"Governador";"14";"87,50"
"Brasil";"Governador";"Senador 1º Suplente";"1";"6,25"
"Brasil";"Governador";"Vice-governador";"1";"6,25"
"Brasil";"Governanta";"Deputado Estadual";"1";"100,00"
"Brasil";"Guia de Turismo";"Deputado Estadual";"5";"55,56"
"Brasil";"Guia de Turismo";"Deputado Federal";"4";"44,44"
"Brasil";"Historiador";"Deputado Distrital";"1";"4,55"
"Brasil";"Historiador";"Deputado Estadual";"12";"54,55"
"Brasil";"Historiador";"Deputado Federal";"5";"22,73"
"Brasil";"Historiador";"Presidente";"2";"9,09"
"Brasil";"Historiador";"Senador";"1";"4,55"
"Brasil";"Historiador";"Vice-governador";"1";"4,55"
"Brasil";"Industrial";"Deputado Estadual";"11";"68,75"
"Brasil";"Industrial";"Senador";"1";"6,25"
"Brasil";"Industrial";"Senador 1º Suplente";"2";"12,50"
"Brasil";"Industrial";"Senador 2º Suplente";"2";"12,50"
"Brasil";"Jardineiro";"Deputado Estadual";"3";"60,00"
"Brasil";"Jardineiro";"Deputado Federal";"1";"20,00"
"Brasil";"Jardineiro";"Senador";"1";"20,00"
"Brasil";"Jornaleiro";"Deputado Estadual";"4";"80,00"
"Brasil";"Jornaleiro";"Senador";"1";"20,00"
"Brasil";"Jornalista e Redator";"Deputado Distrital";"8";"2,35"
"Brasil";"Jornalista e Redator";"Deputado Estadual";"198";"58,06"
"Brasil";"Jornalista e Redator";"Deputado Federal";"121";"35,48"
"Brasil";"Jornalista e Redator";"Governador";"3";"0,88"
"Brasil";"Jornalista e Redator";"Senador";"5";"1,47"
"Brasil";"Jornalista e Redator";"Senador 1º Suplente";"4";"1,17"
"Brasil";"Jornalista e Redator";"Senador 2º Suplente";"1";"0,29"
"Brasil";"Jornalista e Redator";"Vice-governador";"1";"0,29"
"Brasil";"Lanterneiro e Pintor de Veículos";"Deputado Estadual";"2";"100,00"
"Brasil";"Lavador de Veículos";"Deputado Estadual";"1";"100,00"
"Brasil";"Leiturista";"Deputado Estadual";"1";"50,00"
"Brasil";"Leiturista";"Deputado Federal";"1";"50,00"
"Brasil";"Locutor e Comentarista de Rádio e Televisão e Radialista";"Deputado Distrital";"1";"0,90"
"Brasil";"Locutor e Comentarista de Rádio e Televisão e Radialista";"Deputado Estadual";"89";"80,18"
"Brasil";"Locutor e Comentarista de Rádio e Televisão e Radialista";"Deputado Federal";"17";"15,32"
"Brasil";"Locutor e Comentarista de Rádio e Televisão e Radialista";"Governador";"1";"0,90"
"Brasil";"Locutor e Comentarista de Rádio e Televisão e Radialista";"Senador 2º Suplente";"3";"2,70"
"Brasil";"Magistrado";"Deputado Estadual";"3";"33,33"
"Brasil";"Magistrado";"Deputado Federal";"5";"55,56"
"Brasil";"Magistrado";"Senador";"1";"11,11"
"Brasil";"Manicure e Maquilador";"Deputado Estadual";"11";"78,57"
"Brasil";"Manicure e Maquilador";"Deputado Federal";"3";"21,43"
"Brasil";"Marinheiro Civil, Canoeiro, Embarcado e Assemelhados";"Deputado Estadual";"5";"83,33"
"Brasil";"Marinheiro Civil, Canoeiro, Embarcado e Assemelhados";"Senador 1º Suplente";"1";"16,67"
"Brasil";"Massagista";"Deputado Estadual";"6";"75,00"
"Brasil";"Massagista";"Deputado Federal";"2";"25,00"
"Brasil";"Matemático e Atuário";"Deputado Estadual";"2";"100,00"
"Brasil";"Mecânico de Manutenção";"Deputado Distrital";"1";"1,82"
"Brasil";"Mecânico de Manutenção";"Deputado Estadual";"38";"69,09"
"Brasil";"Mecânico de Manutenção";"Deputado Federal";"13";"23,64"
"Brasil";"Mecânico de Manutenção";"Senador 1º Suplente";"1";"1,82"
"Brasil";"Mecânico de Manutenção";"Senador 2º Suplente";"2";"3,64"
"Brasil";"Médico";"Deputado Distrital";"10";"1,49"
"Brasil";"Médico";"Deputado Estadual";"369";"55,07"
"Brasil";"Médico";"Deputado Federal";"236";"35,22"
"Brasil";"Médico";"Governador";"6";"0,90"
"Brasil";"Médico";"Presidente";"1";"0,15"
"Brasil";"Médico";"Senador";"12";"1,79"
"Brasil";"Médico";"Senador 1º Suplente";"12";"1,79"
"Brasil";"Médico";"Senador 2º Suplente";"10";"1,49"
"Brasil";"Médico";"Vice-governador";"13";"1,94"
"Brasil";"Médico";"Vice-presidente";"1";"0,15"
"Brasil";"Membro das Forças Armadas";"Deputado Distrital";"9";"10,71"
"Brasil";"Membro das Forças Armadas";"Deputado Estadual";"44";"52,38"
"Brasil";"Membro das Forças Armadas";"Deputado Federal";"28";"33,33"
"Brasil";"Membro das Forças Armadas";"Presidente";"1";"1,19"
"Brasil";"Membro das Forças Armadas";"Senador";"1";"1,19"
"Brasil";"Membro das Forças Armadas";"Vice-presidente";"1";"1,19"
"Brasil";"Membro do Ministério Público";"Deputado Estadual";"3";"75,00"
"Brasil";"Membro do Ministério Público";"Senador";"1";"25,00"
"Brasil";"Militar Reformado";"Deputado Distrital";"13";"6,05"
"Brasil";"Militar Reformado";"Deputado Estadual";"124";"57,67"
"Brasil";"Militar Reformado";"Deputado Federal";"73";"33,95"
"Brasil";"Militar Reformado";"Governador";"3";"1,40"
"Brasil";"Militar Reformado";"Senador 2º Suplente";"1";"0,47"
"Brasil";"Militar Reformado";"Vice-governador";"1";"0,47"
"Brasil";"Ministro de Estado";"Deputado Distrital";"1";"25,00"
"Brasil";"Ministro de Estado";"Deputado Estadual";"2";"50,00"
"Brasil";"Ministro de Estado";"Deputado Federal";"1";"25,00"
"Brasil";"Modelo";"Deputado Estadual";"6";"75,00"
"Brasil";"Modelo";"Deputado Federal";"2";"25,00"
"Brasil";"Montador de Estrutura Metálica";"Deputado Estadual";"5";"83,33"
"Brasil";"Montador de Estrutura Metálica";"Deputado Federal";"1";"16,67"
"Brasil";"Montador de Máquinas";"Deputado Estadual";"1";"33,33"
"Brasil";"Montador de Máquinas";"Deputado Federal";"1";"33,33"
"Brasil";"Montador de Máquinas";"Vice-governador";"1";"33,33"
"Brasil";"Motoboy";"Deputado Estadual";"21";"75,00"
"Brasil";"Motoboy";"Deputado Federal";"7";"25,00"
"Brasil";"Motorista de Veículos de Transporte Coletivo de Passageiros";"Deputado Distrital";"7";"5,98"
"Brasil";"Motorista de Veículos de Transporte Coletivo de Passageiros";"Deputado Estadual";"85";"72,65"
"Brasil";"Motorista de Veículos de Transporte Coletivo de Passageiros";"Deputado Federal";"23";"19,66"
"Brasil";"Motorista de Veículos de Transporte Coletivo de Passageiros";"Senador 1º Suplente";"1";"0,85"
"Brasil";"Motorista de Veículos de Transporte Coletivo de Passageiros";"Vice-governador";"1";"0,85"
"Brasil";"Motorista de Veículos de Transporte de Carga";"Deputado Distrital";"1";"1,67"
"Brasil";"Motorista de Veículos de Transporte de Carga";"Deputado Estadual";"40";"66,67"
"Brasil";"Motorista de Veículos de Transporte de Carga";"Deputado Federal";"18";"30,00"
"Brasil";"Motorista de Veículos de Transporte de Carga";"Senador 1º Suplente";"1";"1,67"
"Brasil";"Motorista Particular";"Deputado Distrital";"9";"5,17"
"Brasil";"Motorista Particular";"Deputado Estadual";"118";"67,82"
"Brasil";"Motorista Particular";"Deputado Federal";"46";"26,44"
"Brasil";"Motorista Particular";"Senador 1º Suplente";"1";"0,57"
"Brasil";"Músico";"Deputado Distrital";"5";"5,49"
"Brasil";"Músico";"Deputado Estadual";"63";"69,23"
"Brasil";"Músico";"Deputado Federal";"19";"20,88"
"Brasil";"Músico";"Senador";"2";"2,20"
"Brasil";"Músico";"Senador 2º Suplente";"2";"2,20"
"Brasil";"Nutricionista e Assemelhados";"Deputado Distrital";"2";"7,14"
"Brasil";"Nutricionista e Assemelhados";"Deputado Estadual";"16";"57,14"
"Brasil";"Nutricionista e Assemelhados";"Deputado Federal";"10";"35,71"
"Brasil";"Oceanógrafo";"Deputado Estadual";"6";"60,00"
"Brasil";"Oceanógrafo";"Deputado Federal";"4";"40,00"
"Brasil";"Ocupante de Cargo em Comissão";"Deputado Distrital";"1";"6,67"
"Brasil";"Ocupante de Cargo em Comissão";"Deputado Estadual";"10";"66,67"
"Brasil";"Ocupante de Cargo em Comissão";"Deputado Federal";"2";"13,33"
"Brasil";"Ocupante de Cargo em Comissão";"Senador 1º Suplente";"1";"6,67"
"Brasil";"Ocupante de Cargo em Comissão";"Senador 2º Suplente";"1";"6,67"
"Brasil";"Odontólogo";"Deputado Distrital";"1";"1,08"
"Brasil";"Odontólogo";"Deputado Estadual";"61";"65,59"
"Brasil";"Odontólogo";"Deputado Federal";"25";"26,88"
"Brasil";"Odontólogo";"Governador";"2";"2,15"
"Brasil";"Odontólogo";"Senador";"1";"1,08"
"Brasil";"Odontólogo";"Senador 2º Suplente";"3";"3,23"
"Brasil";"Office-Boy e Contínuo";"Deputado Estadual";"1";"100,00"
"Brasil";"Operador de Aparelhos de Produção Industrial";"Deputado Estadual";"12";"85,71"
"Brasil";"Operador de Aparelhos de Produção Industrial";"Deputado Federal";"2";"14,29"
"Brasil";"Operador de Computador";"Deputado Distrital";"1";"14,29"
"Brasil";"Operador de Computador";"Deputado Estadual";"5";"71,43"
"Brasil";"Operador de Computador";"Deputado Federal";"1";"14,29"
"Brasil";"Operador de Equipamento de Rádio, Televisão, Som e Cinema";"Deputado Distrital";"2";"28,57"
"Brasil";"Operador de Equipamento de Rádio, Televisão, Som e Cinema";"Deputado Estadual";"2";"28,57"
"Brasil";"Operador de Equipamento de Rádio, Televisão, Som e Cinema";"Deputado Federal";"3";"42,86"
"Brasil";"Operador de Equipamento Médico e Odontológico";"Deputado Federal";"2";"100,00"
"Brasil";"Operador de Implemento de Agricultura, Pecuária e Exploração Florestal";"Deputado Estadual";"4";"80,00"
"Brasil";"Operador de Implemento de Agricultura, Pecuária e Exploração Florestal";"Deputado Federal";"1";"20,00"
"Brasil";"Operador de Instalação de Produção de Energia Elétrica e Nuclear";"Deputado Estadual";"3";"75,00"
"Brasil";"Operador de Instalação de Produção de Energia Elétrica e Nuclear";"Deputado Federal";"1";"25,00"
"Brasil";"Outros";"Deputado Distrital";"169";"3,12"
"Brasil";"Outros";"Deputado Estadual";"3602";"66,58"
"Brasil";"Outros";"Deputado Federal";"1523";"28,15"
"Brasil";"Outros";"Governador";"10";"0,18"
"Brasil";"Outros";"Presidente";"1";"0,02"
"Brasil";"Outros";"Senador";"24";"0,44"
"Brasil";"Outros";"Senador 1º Suplente";"29";"0,54"
"Brasil";"Outros";"Senador 2º Suplente";"43";"0,79"
"Brasil";"Outros";"Vice-governador";"9";"0,17"
"Brasil";"Padeiro, Confeiteiro e Assemelhados";"Deputado Estadual";"7";"50,00"
"Brasil";"Padeiro, Confeiteiro e Assemelhados";"Deputado Federal";"6";"42,86"
"Brasil";"Padeiro, Confeiteiro e Assemelhados";"Senador 2º Suplente";"1";"7,14"
"Brasil";"Paramédico";"Deputado Estadual";"1";"100,00"
"Brasil";"Pecuarista";"Deputado Estadual";"34";"58,62"
"Brasil";"Pecuarista";"Deputado Federal";"18";"31,03"
"Brasil";"Pecuarista";"Senador";"2";"3,45"
"Brasil";"Pecuarista";"Senador 1º Suplente";"1";"1,72"
"Brasil";"Pecuarista";"Senador 2º Suplente";"2";"3,45"
"Brasil";"Pecuarista";"Vice-governador";"1";"1,72"
"Brasil";"Pedagogo";"Deputado Distrital";"6";"3,37"
"Brasil";"Pedagogo";"Deputado Estadual";"110";"61,80"
"Brasil";"Pedagogo";"Deputado Federal";"52";"29,21"
"Brasil";"Pedagogo";"Governador";"1";"0,56"
"Brasil";"Pedagogo";"Senador";"2";"1,12"
"Brasil";"Pedagogo";"Senador 1º Suplente";"2";"1,12"
"Brasil";"Pedagogo";"Senador 2º Suplente";"5";"2,81"
"Brasil";"Pescador";"Deputado Estadual";"23";"82,14"
"Brasil";"Pescador";"Deputado Federal";"5";"17,86"
"Brasil";"Petroleiro";"Deputado Estadual";"5";"62,50"
"Brasil";"Petroleiro";"Governador";"1";"12,50"
"Brasil";"Petroleiro";"Senador";"1";"12,50"
"Brasil";"Petroleiro";"Vice-governador";"1";"12,50"
"Brasil";"Piloto de Aviação Comercial, Navegador, Mecânico de Vôo e Assemelhados";"Deputado Distrital";"1";"14,29"
"Brasil";"Piloto de Aviação Comercial, Navegador, Mecânico de Vôo e Assemelhados";"Deputado Estadual";"1";"14,29"
"Brasil";"Piloto de Aviação Comercial, Navegador, Mecânico de Vôo e Assemelhados";"Deputado Federal";"4";"57,14"
"Brasil";"Piloto de Aviação Comercial, Navegador, Mecânico de Vôo e Assemelhados";"Senador";"1";"14,29"
"Brasil";"Policial Civil";"Deputado Distrital";"4";"2,16"
"Brasil";"Policial Civil";"Deputado Estadual";"127";"68,65"
"Brasil";"Policial Civil";"Deputado Federal";"44";"23,78"
"Brasil";"Policial Civil";"Senador";"3";"1,62"
"Brasil";"Policial Civil";"Senador 1º Suplente";"4";"2,16"
"Brasil";"Policial Civil";"Senador 2º Suplente";"2";"1,08"
"Brasil";"Policial Civil";"Vice-governador";"1";"0,54"
"Brasil";"Policial Militar";"Deputado Distrital";"24";"4,03"
"Brasil";"Policial Militar";"Deputado Estadual";"382";"64,09"
"Brasil";"Policial Militar";"Deputado Federal";"168";"28,19"
"Brasil";"Policial Militar";"Governador";"5";"0,84"
"Brasil";"Policial Militar";"Senador";"3";"0,50"
"Brasil";"Policial Militar";"Senador 1º Suplente";"3";"0,50"
"Brasil";"Policial Militar";"Senador 2º Suplente";"3";"0,50"
"Brasil";"Policial Militar";"Vice-governador";"8";"1,34"
"Brasil";"Porteiro de Edifício, Ascensorista, Garagista e Zelador";"Deputado Estadual";"20";"71,43"
"Brasil";"Porteiro de Edifício, Ascensorista, Garagista e Zelador";"Deputado Federal";"6";"21,43"
"Brasil";"Porteiro de Edifício, Ascensorista, Garagista e Zelador";"Senador";"1";"3,57"
"Brasil";"Porteiro de Edifício, Ascensorista, Garagista e Zelador";"Senador 2º Suplente";"1";"3,57"
"Brasil";"Prefeito";"Deputado Estadual";"6";"75,00"
"Brasil";"Prefeito";"Deputado Federal";"1";"12,50"
"Brasil";"Prefeito";"Senador";"1";"12,50"
"Brasil";"Produtor Agropecuário";"Deputado Estadual";"45";"66,18"
"Brasil";"Produtor Agropecuário";"Deputado Federal";"19";"27,94"
"Brasil";"Produtor Agropecuário";"Senador";"1";"1,47"
"Brasil";"Produtor Agropecuário";"Senador 1º Suplente";"2";"2,94"
"Brasil";"Produtor Agropecuário";"Vice-governador";"1";"1,47"
"Brasil";"Produtor de Espetáculos Públicos";"Deputado Distrital";"1";"2,70"
"Brasil";"Produtor de Espetáculos Públicos";"Deputado Estadual";"22";"59,46"
"Brasil";"Produtor de Espetáculos Públicos";"Deputado Federal";"13";"35,14"
"Brasil";"Produtor de Espetáculos Públicos";"Senador 2º Suplente";"1";"2,70"
"Brasil";"Professor de Ensino Fundamental";"Deputado Distrital";"10";"2,30"
"Brasil";"Professor de Ensino Fundamental";"Deputado Estadual";"265";"61,06"
"Brasil";"Professor de Ensino Fundamental";"Deputado Federal";"120";"27,65"
"Brasil";"Professor de Ensino Fundamental";"Governador";"6";"1,38"
"Brasil";"Professor de Ensino Fundamental";"Senador";"7";"1,61"
"Brasil";"Professor de Ensino Fundamental";"Senador 1º Suplente";"11";"2,53"
"Brasil";"Professor de Ensino Fundamental";"Senador 2º Suplente";"4";"0,92"
"Brasil";"Professor de Ensino Fundamental";"Vice-governador";"10";"2,30"
"Brasil";"Professor de Ensino Fundamental";"Vice-presidente";"1";"0,23"
"Brasil";"Professor de Ensino Médio";"Deputado Distrital";"25";"3,29"
"Brasil";"Professor de Ensino Médio";"Deputado Estadual";"410";"53,88"
"Brasil";"Professor de Ensino Médio";"Deputado Federal";"256";"33,64"
"Brasil";"Professor de Ensino Médio";"Governador";"12";"1,58"
"Brasil";"Professor de Ensino Médio";"Senador";"16";"2,10"
"Brasil";"Professor de Ensino Médio";"Senador 1º Suplente";"11";"1,45"
"Brasil";"Professor de Ensino Médio";"Senador 2º Suplente";"16";"2,10"
"Brasil";"Professor de Ensino Médio";"Vice-governador";"13";"1,71"
"Brasil";"Professor de Ensino Médio";"Vice-presidente";"2";"0,26"
"Brasil";"Professor de Ensino Superior";"Deputado Distrital";"9";"2,15"
"Brasil";"Professor de Ensino Superior";"Deputado Estadual";"213";"50,84"
"Brasil";"Professor de Ensino Superior";"Deputado Federal";"144";"34,37"
"Brasil";"Professor de Ensino Superior";"Governador";"13";"3,10"
"Brasil";"Professor de Ensino Superior";"Senador";"21";"5,01"
"Brasil";"Professor de Ensino Superior";"Senador 1º Suplente";"7";"1,67"
"Brasil";"Professor de Ensino Superior";"Senador 2º Suplente";"5";"1,19"
"Brasil";"Professor de Ensino Superior";"Vice-governador";"5";"1,19"
"Brasil";"Professor de Ensino Superior";"Vice-presidente";"2";"0,48"
"Brasil";"Professor e Instrutor de Formação Profissional";"Deputado Distrital";"12";"10,34"
"Brasil";"Professor e Instrutor de Formação Profissional";"Deputado Estadual";"73";"62,93"
"Brasil";"Professor e Instrutor de Formação Profissional";"Deputado Federal";"30";"25,86"
"Brasil";"Professor e Instrutor de Formação Profissional";"Senador 2º Suplente";"1";"0,86"
"Brasil";"Programador de Computador";"Deputado Estadual";"5";"62,50"
"Brasil";"Programador de Computador";"Deputado Federal";"2";"25,00"
"Brasil";"Programador de Computador";"Vice-governador";"1";"12,50"
"Brasil";"Protético";"Deputado Estadual";"1";"100,00"
"Brasil";"Psicólogo";"Deputado Distrital";"6";"6,06"
"Brasil";"Psicólogo";"Deputado Estadual";"52";"52,53"
"Brasil";"Psicólogo";"Deputado Federal";"35";"35,35"
"Brasil";"Psicólogo";"Senador";"1";"1,01"
"Brasil";"Psicólogo";"Senador 1º Suplente";"1";"1,01"
"Brasil";"Psicólogo";"Senador 2º Suplente";"3";"3,03"
"Brasil";"Psicólogo";"Vice-governador";"1";"1,01"
"Brasil";"Publicitário";"Deputado Distrital";"3";"3,57"
"Brasil";"Publicitário";"Deputado Estadual";"48";"57,14"
"Brasil";"Publicitário";"Deputado Federal";"31";"36,90"
"Brasil";"Publicitário";"Senador";"1";"1,19"
"Brasil";"Publicitário";"Vice-governador";"1";"1,19"
"Brasil";"Químico";"Deputado Estadual";"5";"41,67"
"Brasil";"Químico";"Deputado Federal";"6";"50,00"
"Brasil";"Químico";"Governador";"1";"8,33"
"Brasil";"Recepcionista";"Deputado Distrital";"2";"6,06"
"Brasil";"Recepcionista";"Deputado Estadual";"19";"57,58"
"Brasil";"Recepcionista";"Deputado Federal";"12";"36,36"
"Brasil";"Relações-Públicas";"Deputado Distrital";"1";"7,14"
"Brasil";"Relações-Públicas";"Deputado Estadual";"9";"64,29"
"Brasil";"Relações-Públicas";"Deputado Federal";"4";"28,57"
"Brasil";"Relojoeiro e Montador de Instrumento de Precisão";"Deputado Estadual";"1";"100,00"
"Brasil";"Representante Comercial";"Deputado Estadual";"90";"73,17"
"Brasil";"Representante Comercial";"Deputado Federal";"31";"25,20"
"Brasil";"Representante Comercial";"Senador 1º Suplente";"1";"0,81"
"Brasil";"Representante Comercial";"Senador 2º Suplente";"1";"0,81"
"Brasil";"Sacerdote ou Membro de Ordem ou Seita Religiosa";"Deputado Distrital";"5";"4,31"
"Brasil";"Sacerdote ou Membro de Ordem ou Seita Religiosa";"Deputado Estadual";"76";"65,52"
"Brasil";"Sacerdote ou Membro de Ordem ou Seita Religiosa";"Deputado Federal";"27";"23,28"
"Brasil";"Sacerdote ou Membro de Ordem ou Seita Religiosa";"Senador";"3";"2,59"
"Brasil";"Sacerdote ou Membro de Ordem ou Seita Religiosa";"Senador 1º Suplente";"2";"1,72"
"Brasil";"Sacerdote ou Membro de Ordem ou Seita Religiosa";"Senador 2º Suplente";"2";"1,72"
"Brasil";"Sacerdote ou Membro de Ordem ou Seita Religiosa";"Vice-governador";"1";"0,86"
"Brasil";"Salva-Vidas";"Deputado Estadual";"1";"100,00"
"Brasil";"Secretário e Datilógrafo";"Deputado Distrital";"3";"3,37"
"Brasil";"Secretário e Datilógrafo";"Deputado Estadual";"57";"64,04"
"Brasil";"Secretário e Datilógrafo";"Deputado Federal";"29";"32,58"
"Brasil";"Securitário";"Deputado Federal";"1";"100,00"
"Brasil";"Senador";"Deputado Federal";"4";"7,84"
"Brasil";"Senador";"Governador";"13";"25,49"
"Brasil";"Senador";"Presidente";"1";"1,96"
"Brasil";"Senador";"Senador";"30";"58,82"
"Brasil";"Senador";"Vice-governador";"1";"1,96"
"Brasil";"Senador";"Vice-presidente";"2";"3,92"
"Brasil";"Serralheiro";"Deputado Estadual";"9";"69,23"
"Brasil";"Serralheiro";"Deputado Federal";"3";"23,08"
"Brasil";"Serralheiro";"Senador 2º Suplente";"1";"7,69"
"Brasil";"Serventuário de Justiça";"Deputado Distrital";"1";"7,69"
"Brasil";"Serventuário de Justiça";"Deputado Estadual";"7";"53,85"
"Brasil";"Serventuário de Justiça";"Deputado Federal";"3";"23,08"
"Brasil";"Serventuário de Justiça";"Senador 2º Suplente";"1";"7,69"
"Brasil";"Serventuário de Justiça";"Vice-governador";"1";"7,69"
"Brasil";"Servidor Público Civil Aposentado";"Deputado Distrital";"19";"12,18"
"Brasil";"Servidor Público Civil Aposentado";"Deputado Estadual";"76";"48,72"
"Brasil";"Servidor Público Civil Aposentado";"Deputado Federal";"41";"26,28"
"Brasil";"Servidor Público Civil Aposentado";"Governador";"5";"3,21"
"Brasil";"Servidor Público Civil Aposentado";"Senador";"3";"1,92"
"Brasil";"Servidor Público Civil Aposentado";"Senador 1º Suplente";"5";"3,21"
"Brasil";"Servidor Público Civil Aposentado";"Senador 2º Suplente";"6";"3,85"
"Brasil";"Servidor Público Civil Aposentado";"Vice-governador";"1";"0,64"
"Brasil";"Servidor Público Estadual";"Deputado Distrital";"81";"11,38"
"Brasil";"Servidor Público Estadual";"Deputado Estadual";"426";"59,83"
"Brasil";"Servidor Público Estadual";"Deputado Federal";"167";"23,46"
"Brasil";"Servidor Público Estadual";"Governador";"1";"0,14"
"Brasil";"Servidor Público Estadual";"Senador";"10";"1,40"
"Brasil";"Servidor Público Estadual";"Senador 1º Suplente";"11";"1,54"
"Brasil";"Servidor Público Estadual";"Senador 2º Suplente";"10";"1,40"
"Brasil";"Servidor Público Estadual";"Vice-governador";"6";"0,84"
"Brasil";"Servidor Público Federal";"Deputado Distrital";"58";"12,98"
"Brasil";"Servidor Público Federal";"Deputado Estadual";"161";"36,02"
"Brasil";"Servidor Público Federal";"Deputado Federal";"185";"41,39"
"Brasil";"Servidor Público Federal";"Governador";"9";"2,01"
"Brasil";"Servidor Público Federal";"Senador";"14";"3,13"
"Brasil";"Servidor Público Federal";"Senador 1º Suplente";"10";"2,24"
"Brasil";"Servidor Público Federal";"Senador 2º Suplente";"6";"1,34"
"Brasil";"Servidor Público Federal";"Vice-governador";"4";"0,89"
"Brasil";"Servidor Público Municipal";"Deputado Distrital";"1";"0,21"
"Brasil";"Servidor Público Municipal";"Deputado Estadual";"333";"69,52"
"Brasil";"Servidor Público Municipal";"Deputado Federal";"130";"27,14"
"Brasil";"Servidor Público Municipal";"Governador";"2";"0,42"
"Brasil";"Servidor Público Municipal";"Senador";"5";"1,04"
"Brasil";"Servidor Público Municipal";"Senador 1º Suplente";"6";"1,25"
"Brasil";"Servidor Público Municipal";"Senador 2º Suplente";"1";"0,21"
"Brasil";"Servidor Público Municipal";"Vice-governador";"1";"0,21"
"Brasil";"Sociólogo";"Deputado Distrital";"2";"4,88"
"Brasil";"Sociólogo";"Deputado Estadual";"19";"46,34"
"Brasil";"Sociólogo";"Deputado Federal";"10";"24,39"
"Brasil";"Sociólogo";"Governador";"3";"7,32"
"Brasil";"Sociólogo";"Senador";"2";"4,88"
"Brasil";"Sociólogo";"Senador 1º Suplente";"2";"4,88"
"Brasil";"Sociólogo";"Senador 2º Suplente";"2";"4,88"
"Brasil";"Sociólogo";"Vice-governador";"1";"2,44"
"Brasil";"Supervisor, Inspetor e Agente de Compras e Vendas";"Deputado Distrital";"2";"6,25"
"Brasil";"Supervisor, Inspetor e Agente de Compras e Vendas";"Deputado Estadual";"24";"75,00"
"Brasil";"Supervisor, Inspetor e Agente de Compras e Vendas";"Deputado Federal";"6";"18,75"
"Brasil";"Tabelião";"Deputado Estadual";"4";"80,00"
"Brasil";"Tabelião";"Deputado Federal";"1";"20,00"
"Brasil";"Tapeceiro";"Deputado Estadual";"1";"100,00"
"Brasil";"Taxista";"Deputado Distrital";"4";"5,41"
"Brasil";"Taxista";"Deputado Estadual";"56";"75,68"
"Brasil";"Taxista";"Deputado Federal";"14";"18,92"
"Brasil";"Técnico Contabilidade, Estatística, Economia Doméstica e Administração";"Deputado Distrital";"1";"1,72"
"Brasil";"Técnico Contabilidade, Estatística, Economia Doméstica e Administração";"Deputado Estadual";"40";"68,97"
"Brasil";"Técnico Contabilidade, Estatística, Economia Doméstica e Administração";"Deputado Federal";"15";"25,86"
"Brasil";"Técnico Contabilidade, Estatística, Economia Doméstica e Administração";"Senador";"1";"1,72"
"Brasil";"Técnico Contabilidade, Estatística, Economia Doméstica e Administração";"Senador 1º Suplente";"1";"1,72"
"Brasil";"Técnico de Biologia";"Deputado Distrital";"1";"33,33"
"Brasil";"Técnico de Biologia";"Deputado Estadual";"1";"33,33"
"Brasil";"Técnico de Biologia";"Senador 1º Suplente";"1";"33,33"
"Brasil";"Técnico de Eletricidade, Eletrônica e Telecomunicações";"Deputado Distrital";"1";"4,35"
"Brasil";"Técnico de Eletricidade, Eletrônica e Telecomunicações";"Deputado Estadual";"15";"65,22"
"Brasil";"Técnico de Eletricidade, Eletrônica e Telecomunicações";"Deputado Federal";"4";"17,39"
"Brasil";"Técnico de Eletricidade, Eletrônica e Telecomunicações";"Senador";"1";"4,35"
"Brasil";"Técnico de Eletricidade, Eletrônica e Telecomunicações";"Senador 2º Suplente";"1";"4,35"
"Brasil";"Técnico de Eletricidade, Eletrônica e Telecomunicações";"Vice-governador";"1";"4,35"
"Brasil";"Técnico de Enfermagem e Assemelhados (Exceto Enfermeiro)";"Deputado Distrital";"3";"2,42"
"Brasil";"Técnico de Enfermagem e Assemelhados (Exceto Enfermeiro)";"Deputado Estadual";"84";"67,74"
"Brasil";"Técnico de Enfermagem e Assemelhados (Exceto Enfermeiro)";"Deputado Federal";"34";"27,42"
"Brasil";"Técnico de Enfermagem e Assemelhados (Exceto Enfermeiro)";"Senador 1º Suplente";"2";"1,61"
"Brasil";"Técnico de Enfermagem e Assemelhados (Exceto Enfermeiro)";"Senador 2º Suplente";"1";"0,81"
"Brasil";"Técnico de Laboratório e Raios X";"Deputado Distrital";"1";"5,88"
"Brasil";"Técnico de Laboratório e Raios X";"Deputado Estadual";"12";"70,59"
"Brasil";"Técnico de Laboratório e Raios X";"Deputado Federal";"4";"23,53"
"Brasil";"Técnico de Mecânica";"Deputado Estadual";"7";"63,64"
"Brasil";"Técnico de Mecânica";"Deputado Federal";"3";"27,27"
"Brasil";"Técnico de Mecânica";"Senador 1º Suplente";"1";"9,09"
"Brasil";"Técnico de Mineração, Metalurgia e Geologia";"Deputado Federal";"1";"100,00"
"Brasil";"Técnico de Obras Civis, Estradas, Saneamento e Assemelhados";"Deputado Distrital";"1";"6,67"
"Brasil";"Técnico de Obras Civis, Estradas, Saneamento e Assemelhados";"Deputado Estadual";"9";"60,00"
"Brasil";"Técnico de Obras Civis, Estradas, Saneamento e Assemelhados";"Deputado Federal";"4";"26,67"
"Brasil";"Técnico de Obras Civis, Estradas, Saneamento e Assemelhados";"Senador 2º Suplente";"1";"6,67"
"Brasil";"Técnico de Química";"Deputado Estadual";"3";"60,00"
"Brasil";"Técnico de Química";"Deputado Federal";"2";"40,00"
"Brasil";"Técnico em Agronomia e Agrimensura";"Deputado Estadual";"11";"61,11"
"Brasil";"Técnico em Agronomia e Agrimensura";"Deputado Federal";"7";"38,89"
"Brasil";"Técnico em Edificações";"Deputado Distrital";"1";"9,09"
"Brasil";"Técnico em Edificações";"Deputado Estadual";"8";"72,73"
"Brasil";"Técnico em Edificações";"Deputado Federal";"1";"9,09"
"Brasil";"Técnico em Edificações";"Vice-governador";"1";"9,09"
"Brasil";"Técnico em Informática";"Deputado Estadual";"17";"73,91"
"Brasil";"Técnico em Informática";"Deputado Federal";"3";"13,04"
"Brasil";"Técnico em Informática";"Senador 1º Suplente";"2";"8,70"
"Brasil";"Técnico em Informática";"Senador 2º Suplente";"1";"4,35"
"Brasil";"Telefonista";"Deputado Distrital";"1";"6,67"
"Brasil";"Telefonista";"Deputado Estadual";"11";"73,33"
"Brasil";"Telefonista";"Deputado Federal";"3";"20,00"
"Brasil";"Terapeuta";"Deputado Estadual";"9";"75,00"
"Brasil";"Terapeuta";"Deputado Federal";"3";"25,00"
"Brasil";"Torneiro Mecânico";"Deputado Distrital";"1";"20,00"
"Brasil";"Torneiro Mecânico";"Deputado Estadual";"3";"60,00"
"Brasil";"Torneiro Mecânico";"Presidente";"1";"20,00"
"Brasil";"Trabalhador de Artes Gráficas";"Deputado Distrital";"1";"50,00"
"Brasil";"Trabalhador de Artes Gráficas";"Deputado Federal";"1";"50,00"
"Brasil";"Trabalhador de Construção Civil";"Deputado Estadual";"31";"59,62"
"Brasil";"Trabalhador de Construção Civil";"Deputado Federal";"10";"19,23"
"Brasil";"Trabalhador de Construção Civil";"Governador";"2";"3,85"
"Brasil";"Trabalhador de Construção Civil";"Senador";"2";"3,85"
"Brasil";"Trabalhador de Construção Civil";"Senador 1º Suplente";"3";"5,77"
"Brasil";"Trabalhador de Construção Civil";"Senador 2º Suplente";"2";"3,85"
"Brasil";"Trabalhador de Construção Civil";"Vice-governador";"2";"3,85"
"Brasil";"Trabalhador de Fabricação de Produtos de Borracha e Plástico";"Deputado Federal";"1";"100,00"
"Brasil";"Trabalhador de Fabricação de Produtos Têxteis (Exceto Roupas)";"Deputado Estadual";"2";"100,00"
"Brasil";"Trabalhador de Fabricação de Roupas";"Deputado Distrital";"1";"33,33"
"Brasil";"Trabalhador de Fabricação de Roupas";"Deputado Estadual";"1";"33,33"
"Brasil";"Trabalhador de Fabricação de Roupas";"Deputado Federal";"1";"33,33"
"Brasil";"Trabalhador de Fabricação, Vulcanização e Reparação de Pneumáticos";"Deputado Estadual";"1";"100,00"
"Brasil";"Trabalhador de Hotelaria";"Deputado Estadual";"1";"50,00"
"Brasil";"Trabalhador de Hotelaria";"Deputado Federal";"1";"50,00"
"Brasil";"Trabalhador de Usinagem de Metais";"Deputado Estadual";"2";"100,00"
"Brasil";"Trabalhador Dos Serviços de Contabilidade, de Caixa e Assemelhados";"Deputado Estadual";"4";"80,00"
"Brasil";"Trabalhador Dos Serviços de Contabilidade, de Caixa e Assemelhados";"Deputado Federal";"1";"20,00"
"Brasil";"Trabalhador Florestal";"Deputado Estadual";"2";"66,67"
"Brasil";"Trabalhador Florestal";"Deputado Federal";"1";"33,33"
"Brasil";"Trabalhador Metalúrgico e Siderúrgico";"Deputado Estadual";"10";"58,82"
"Brasil";"Trabalhador Metalúrgico e Siderúrgico";"Deputado Federal";"5";"29,41"
"Brasil";"Trabalhador Metalúrgico e Siderúrgico";"Governador";"2";"11,76"
"Brasil";"Trabalhador Rural";"Deputado Estadual";"26";"66,67"
"Brasil";"Trabalhador Rural";"Deputado Federal";"10";"25,64"
"Brasil";"Trabalhador Rural";"Senador";"1";"2,56"
"Brasil";"Trabalhador Rural";"Vice-governador";"2";"5,13"
"Brasil";"Tradutor, Intérprete e Filólogo";"Deputado Estadual";"3";"50,00"
"Brasil";"Tradutor, Intérprete e Filólogo";"Deputado Federal";"3";"50,00"
"Brasil";"Vendedor de Comércio Varejista e Atacadista";"Deputado Distrital";"4";"2,68"
"Brasil";"Vendedor de Comércio Varejista e Atacadista";"Deputado Estadual";"96";"64,43"
"Brasil";"Vendedor de Comércio Varejista e Atacadista";"Deputado Federal";"46";"30,87"
"Brasil";"Vendedor de Comércio Varejista e Atacadista";"Senador 1º Suplente";"2";"1,34"
"Brasil";"Vendedor de Comércio Varejista e Atacadista";"Senador 2º Suplente";"1";"0,67"
"Brasil";"Vendedor Pracista, Representante, Caixeiro-Viajante e Assemelhados";"Deputado Distrital";"6";"3,02"
"Brasil";"Vendedor Pracista, Representante, Caixeiro-Viajante e Assemelhados";"Deputado Estadual";"144";"72,36"
"Brasil";"Vendedor Pracista, Representante, Caixeiro-Viajante e Assemelhados";"Deputado Federal";"46";"23,12"
"Brasil";"Vendedor Pracista, Representante, Caixeiro-Viajante e Assemelhados";"Senador 2º Suplente";"2";"1,01"
"Brasil";"Vendedor Pracista, Representante, Caixeiro-Viajante e Assemelhados";"Vice-governador";"1";"0,50"
"Brasil";"Vereador";"Deputado Estadual";"634";"67,02"
"Brasil";"Vereador";"Deputado Federal";"270";"28,54"
"Brasil";"Vereador";"Governador";"3";"0,32"
"Brasil";"Vereador";"Senador";"5";"0,53"
"Brasil";"Vereador";"Senador 1º Suplente";"10";"1,06"
"Brasil";"Vereador";"Senador 2º Suplente";"18";"1,90"
"Brasil";"Vereador";"Vice-governador";"6";"0,63"
"Brasil";"Veterinário";"Deputado Estadual";"34";"66,67"
"Brasil";"Veterinário";"Deputado Federal";"15";"29,41"
"Brasil";"Veterinário";"Governador";"1";"1,96"
"Brasil";"Veterinário";"Vice-governador";"1";"1,96"
"Brasil";"Vigilante";"Deputado Distrital";"17";"9,88"
"Brasil";"Vigilante";"Deputado Estadual";"119";"69,19"
"Brasil";"Vigilante";"Deputado Federal";"36";"20,93"
"Brasil";"Zootecnista";"Deputado Estadual";"6";"85,71"
"Brasil";"Zootecnista";"Deputado Federal";"1";"14,29"
